aau,ideg,Wdeg,q,p
3.8,1.279156063507289,99.9645505720408,-0.0038628549926386594,0.02198687848171914
3.8003,1.2791722740604705,99.96492612442923,-0.0038630480553893377,0.02198713175147915
3.8005999999999998,1.279188476349648,99.96530147469312,-0.003863241019106353,0.021987384891257032
3.8009,1.279204670378609,99.965676622937,-0.0038634338838357714,0.021987637901113327
3.8011999999999997,1.2792208561511362,99.96605156926529,-0.0038636266496236233,0.0219878907811085
3.8015,1.2792370336710133,99.96642631378239,-0.0038638193165159204,0.02198814353130303
3.8017999999999996,1.2792532029420176,99.96680085659261,-0.0038640118845586287,0.021988396151757298
3.8021,1.2792693639679273,99.96717519780015,-0.0038642043537977,0.021988648642531694
3.8024,1.2792855167525163,99.96754933750915,-0.0038643967242790404,0.021988901003686532
3.8026999999999997,1.2793016612995578,99.96792327582372,-0.003864588996048547,0.021989153235282128
3.803,1.2793177976128212,99.96829701284781,-0.0038647811691520685,0.021989405337378726
3.8032999999999997,1.2793339256960738,99.96867054868538,-0.003864973243635437,0.02198965731003654
3.8036,1.2793500455530802,99.96904388344025,-0.003865165219544446,0.021989909153315747
3.8038999999999996,1.2793661571876038,99.96941701721624,-0.00386535709692487,0.021990160867276485
3.8042,1.2793822606034053,99.96978995011702,-0.0038655488758224427,0.02199041245197886
3.8045,1.2793983558042417,99.97016268224623,-0.003865740556282875,0.021990663907482926
3.8047999999999997,1.2794144427938694,99.97053521370738,-0.0038659321383518455,0.02199091523384871
3.8051,1.2794305215760415,99.970907544604,-0.0038661236220750104,0.021991166431136203
3.8053999999999997,1.2794465921545093,99.97127967503947,-0.0038663150074979905,0.02199141749940535
3.8057,1.2794626545330199,99.97165160511712,-0.0038665062946663742,0.021991668438716035
3.8059999999999996,1.2794787087153203,99.9720233349402,-0.0038666974836257238,0.02199191924912814
3.8063,1.2794947547051552,99.97239486461193,-0.0038668885744215834,0.021992169930701518
3.8066,1.2795107925062652,99.97276619423536,-0.003867079567099453,0.02199242048349594
3.8068999999999997,1.279526822122389,99.97313732391356,-0.003867270461704802,0.021992670907571153
3.8072,1.2795428435572644,99.97350825374947,-0.0038674612582830885,0.021992921202986893
3.8074999999999997,1.2795588568146254,99.97387898384599,-0.003867651956879722,0.021993171369802826
3.8078,1.279574861898204,99.97424951430592,-0.0038678425575400972,0.021993421408078594
3.8080999999999996,1.2795908588117306,99.97461984523204,-0.00386803306030957,0.021993671317873806
3.8084,1.2796068475589315,99.97498997672696,-0.003868223465233475,0.021993921099248012
3.8087,1.2796228281435318,99.9753599088933,-0.0038684137723571065,0.02199417075226073
3.8089999999999997,1.2796388005692556,99.97572964183357,-0.0038686039817257467,0.021994420276971478
3.8093,1.2796547648398224,99.97609917565022,-0.003868794093384635,0.02199466967343968
3.8095999999999997,1.2796707209589493,99.97646851044563,-0.003868984107378984,0.02199491894172474
3.8099,1.279686668930354,99.97683764632208,-0.0038691740237539853,0.02199516808188606
3.8102,1.2797026087577483,99.97720658338181,-0.0038693638425547927,0.02199541709398295
3.8104999999999998,1.2797185404448446,99.97757532172697,-0.003869553563826536,0.021995665978074723
3.8108,1.27973446399535,99.97794386145966,-0.003869743187614313,0.021995914734220617
3.8110999999999997,1.279750379412973,99.97831220268185,-0.0038699327139631997,0.02199616336247989
3.8114,1.279766286701416,99.9786803454955,-0.0038701221429182356,0.021996411862911687
3.8116999999999996,1.279782185864381,99.97904829000245,-0.003870311474524428,0.02199666023557517
3.812,1.2797980769055681,99.97941603630453,-0.0038705007088267705,0.02199690848052945
3.8123,1.2798139598286749,99.97978358450342,-0.0038706898458702186,0.021997156597833602
3.8125999999999998,1.2798298346373949,99.98015093470077,-0.003870878885699695,0.02199740458754664
3.8129,1.2798457013354212,99.98051808699817,-0.0038710678283601003,0.02199765244972757
3.8131999999999997,1.279861559926445,99.98088504149709,-0.003871256673896307,0.021997900184435367
3.8135,1.2798774104141526,99.98125179829898,-0.0038714454223531553,0.021998147791728918
3.8137999999999996,1.27989325280223,99.9816183575052,-0.003871634073775455,0.021998395271667116
3.8141,1.2799090870943612,99.98198471921701,-0.0038718226282079948,0.02199864262430882
3.8144,1.2799249132942263,99.98235088353562,-0.003872011085695526,0.02199888984971281
3.8146999999999998,1.2799407314055053,99.98271685056218,-0.003872199446282783,0.02199913694793789
3.815,1.2799565414318732,99.98308262039778,-0.0038723877100144636,0.02199938391904277
3.8152999999999997,1.2799723433770054,99.98344819314336,-0.003872575876935234,0.02199963076308615
3.8156,1.2799881372445732,99.98381356889989,-0.0038727639470897404,0.021999877480126696
3.8158999999999996,1.2800039230382452,99.9841787477682,-0.0038729519205225925,0.022000124070223007
3.8162,1.2800197007616902,99.98454372984908,-0.0038731397972783833,0.02200037053343369
3.8165,1.280035470418572,99.98490851524322,-0.0038733275774016627,0.022000616869817274
3.8167999999999997,1.2800512320125528,99.98527310405127,-0.003873515260936958,0.022000863079432262
3.8171,1.2800669855472948,99.9856374963738,-0.003873702847928782,0.022001109162337152
3.8173999999999997,1.2800827310264555,99.98600169231128,-0.0038738903384215955,0.02200135511859037
3.8177,1.2800984684536894,99.98636569196415,-0.003874077732459847,0.022001600948250287
3.8179999999999996,1.2801141978326513,99.98672949543274,-0.00387426503008795,0.022001846651375292
3.8183,1.280129919166992,99.98709310281737,-0.0038744522313502922,0.022002092228023688
3.8186,1.2801456324603606,99.98745651421821,-0.0038746393362912375,0.022002337678253773
3.8188999999999997,1.2801613377164038,99.98781972973542,-0.0038748263449551144,0.022002583002123797
3.8192,1.280177034938766,99.98818274946903,-0.0038750132573862257,0.022002828199691963
3.8194999999999997,1.280192724131089,99.98854557351908,-0.0038752000736288427,0.022003073271016443
3.8198,1.2802084052970137,99.98890820198547,-0.003875386793727223,0.022003318216155393
3.8200999999999996,1.2802240784401766,99.98927063496804,-0.0038755734177255753,0.02200356303516689
3.8204,1.280239743564214,99.9896328725666,-0.0038757599456680967,0.022003807728109025
3.8207,1.2802554006727584,99.98999491488084,-0.003875946377598947,0.022004052295039798
3.8209999999999997,1.2802710497694412,99.99035676201042,-0.0038761327135622635,0.022004296736017226
3.8213,1.2802866908578903,99.99071841405491,-0.003876318953602153,0.022004541051099242
3.8215999999999997,1.2803023239417322,99.99107987111378,-0.0038765050977626926,0.022004785240343765
3.8219,1.280317949024592,99.9914411332865,-0.0038766911460879384,0.02200502930380869
3.8221999999999996,1.2803335661100903,99.99180220067238,-0.0038768770986219053,0.02200527324155185
3.8225,1.2803491752018465,99.99216307337076,-0.0038770629554085957,0.02200551705363104
3.8228,1.280364776303479,99.99252375148082,-0.0038772487164919745,0.022005760740104054
3.8230999999999997,1.2803803694186027,99.99288423510173,-0.003877434381915983,0.02200600430102862
3.8234,1.2803959545508292,99.99324452433255,-0.0038776199517245335,0.02200624773646242
3.8236999999999997,1.2804115317037712,99.99360461927232,-0.0038778054259615106,0.022006491046463135
3.824,1.2804271008810353,99.99396452001994,-0.003877990804670767,0.022006734231088374
3.8242999999999996,1.2804426620862281,99.9943242266743,-0.0038781760878961354,0.02200697729039573
3.8245999999999998,1.2804582153229538,99.99468373933418,-0.0038783612756814138,0.02200722022444275
3.8249,1.2804737605948138,99.99504305809832,-0.0038785463680703802,0.022007463033286958
3.8251999999999997,1.2804892979054074,99.9954021830654,-0.0038787313651067776,0.022007705716985827
3.8255,1.2805048272583324,99.99576111433396,-0.0038789162668343273,0.022007948275596805
3.8257999999999996,1.280520348657183,99.99611985200256,-0.0038791010732967127,0.022008190709177294
3.8261,1.2805358621055525,99.99647839616964,-0.0038792857845376047,0.02200843301778466
3.8264,1.2805513676070308,99.99683674693357,-0.0038794704006006346,0.02200867520147624
3.8266999999999998,1.2805668651652067,99.99719490439266,-0.0038796549215294115,0.022008917260309332
3.827,1.2805823547836659,99.99755286864516,-0.0038798393473675158,0.022009159194341196
3.8272999999999997,1.2805978364659922,99.99791063978924,-0.0038800236781584996,0.022009401003629057
3.8276,1.2806133102157677,99.99826821792301,-0.003880207913945888,0.0220096426882301
3.8278999999999996,1.280628776036571,99.99862560314449,-0.0038803920547731807,0.02200988424820148
3.8282,1.2806442339319808,99.99898279555165,-0.003880576100683853,0.02201012568360033
3.8285,1.2806596839055706,99.99933979524239,-0.0038807600517213377,0.022010366994483718
3.8287999999999998,1.2806751259609128,99.99969660231453,-0.003880943907929058,0.022010608180908667
3.8291,1.2806905601015797,100.00005321686585,-0.003881127669350403,0.022010849242932222
3.8293999999999997,1.2807059863311379,100.00040963899399,-0.0038813113360287275,0.022011090180611332
3.8297,1.2807214046531552,100.0007658687966,-0.0038814949080073725,0.02201133099400295
3.8299999999999996,1.2807368150711942,100.00112190637125,-0.003881678385329642,0.022011571683163964
3.8303,1.2807522175888169,100.0014777518154,-0.0038818617680388143,0.022011812248151238
3.8306,1.2807676122095835,100.00183340522646,-0.0038820450561781452,0.022012052689021618
3.8308999999999997,1.28078299893705,100.00218886670179,-0.0038822282497908535,0.02201229300583188
3.8312,1.2807983777747733,100.00254413633863,-0.0038824113489201407,0.022012533198638794
3.8314999999999997,1.2808137487263054,100.00289921423425,-0.0038825943536091815,0.022012773267499078
3.8318,1.2808291117951967,100.00325410048575,-0.0038827772639011132,0.022013013212469415
3.8320999999999996,1.280844466984996,100.00360879519022,-0.003882960079839055,0.022013253033606458
3.8324,1.28085981429925,100.00396329844463,-0.0038831428014660958,0.022013492730966828
3.8327,1.2808751537415026,100.00431761034596,-0.0038833254288252964,0.022013732304607098
3.8329999999999997,1.2808904853152965,100.00467173099105,-0.0038835079619596972,0.02201397175458382
3.8333,1.28090580902417,100.00502566047672,-0.0038836904009122994,0.022014211080953486
3.8335999999999997,1.2809211248716623,100.00537939889966,-0.003883872745726088,0.02201445028377259
3.8339,1.2809364328613082,100.00573294635659,-0.0038840549964440194,0.02201468936309756
3.8341999999999996,1.2809517329966404,100.00608630294406,-0.0038842371531090172,0.022014928318984786
3.8345,1.2809670252811904,100.00643946875863,-0.0038844192157639814,0.022015167151490645
3.8348,1.2809823097184883,100.00679244389674,-0.0038846011844517916,0.022015405860671487
3.8350999999999997,1.2809975863120593,100.00714522845479,-0.0038847830592152847,0.022015644446583577
3.8354,1.2810128550654285,100.00749782252912,-0.0038849648400972906,0.022015882909283198
3.8356999999999997,1.281028115982118,100.00785022621595,-0.003885146527140593,0.022016121248826556
3.836,1.2810433690656486,100.00820243961148,-0.003885328120387964,0.022016359465269857
3.8362999999999996,1.281058614319538,100.00855446281187,-0.00388550961988214,0.022016597558669252
3.8366,1.2810738517473024,100.00890629591315,-0.003885691025665836,0.022016835529080857
3.8369,1.2810890813524556,100.0092579390113,-0.0038858723377817386,0.022017073376560763
3.8371999999999997,1.281104303138509,100.00960939220225,-0.0038860535562725016,0.022017311101165015
3.8375,1.281119517108971,100.00996065558186,-0.003886234681180759,0.022017548702949617
3.8377999999999997,1.2811347232673513,100.01031172924591,-0.003886415712549123,0.022017786181970575
3.8381,1.281149921617153,100.01066261329012,-0.0038865966504201656,0.022018023538283808
3.8383999999999996,1.2811651121618797,100.01101330781013,-0.0038867774948364376,0.022018260771945235
3.8387,1.2811802949050324,100.01136381290155,-0.003886958245840475,0.02201849788301073
3.839,1.2811954698501093,100.01171412865989,-0.003887138903474766,0.02201873487153613
3.8392999999999997,1.281210637000607,100.01206425518059,-0.0038873194677817875,0.022018971737577237
3.8396,1.2812257963600202,100.01241419255904,-0.0038874999388039855,0.022019208481189823
3.8398999999999996,1.2812409479318414,100.01276394089058,-0.003887680316583782,0.022019445102429626
3.8402,1.2812560917195606,100.01311350027045,-0.0038878606011635694,0.02201968160135235
3.8404999999999996,1.281271227726665,100.01346287079382,-0.003888040792585709,0.022019917978013646
3.8407999999999998,1.28128635595664,100.0138120525558,-0.003888220890892546,0.02202015423246914
3.8411,1.2813014764129718,100.01416104565149,-0.003888400896126395,0.022020390364774458
3.8413999999999997,1.281316589099139,100.01450985017584,-0.0038885808083295374,0.022020626374985124
3.8417,1.2813316940186228,100.0148584662238,-0.00388876062754424,0.022020862263156686
3.8419999999999996,1.2813467911748995,100.01520689389018,-0.0038889403538127326,0.02202109802934462
3.8423,1.281361880571445,100.0155551332698,-0.0038891199871772288,0.0220213336736044
3.8426,1.2813769622117321,100.01590318445737,-0.0038892995276799064,0.022021569195991436
3.8428999999999998,1.2813920360992315,100.01625104754756,-0.0038894789753629233,0.02202180459656112
3.8432,1.281407102237412,100.01659872263494,-0.003889658330268409,0.0220220398753688
3.8434999999999997,1.2814221606297405,100.01694620981404,-0.0038898375924384617,0.022022275032469795
3.8438,1.281437211279681,100.01729350917934,-0.0038900167619151656,0.022022510067919394
3.8440999999999996,1.2814522541906967,100.01764062082519,-0.003890195838740567,0.022022744981772844
3.8444,1.2814672893662473,100.01798754484595,-0.0038903748229566918,0.02202297977408536
3.8447,1.281482316809791,100.01833428133587,-0.0038905537146055346,0.02202321444491212
3.8449999999999998,1.2814973365247844,100.01868083038913,-0.0038907325137290736,0.022023448994308276
3.8453,1.2815123485146802,100.01902719209988,-0.0038909112203692493,0.022023683422328924
3.8455999999999997,1.2815273527829314,100.01937336656219,-0.0038910898345679854,0.022023917729029154
3.8459,1.2815423493329874,100.01971935387003,-0.0038912683563671734,0.02202415191446401
3.8461999999999996,1.2815573381682954,100.02006515411736,-0.00389144678580868,0.02202438597868849
3.8465,1.2815723192923025,100.02041076739805,-0.0038916251229343555,0.022024619921757593
3.8468,1.2815872927084495,100.02075619380585,-0.0038918033677860023,0.022024853743726223
3.8470999999999997,1.2816022584201798,100.02110143343457,-0.0038919815204054202,0.022025087444649316
3.8474,1.281617216430932,100.02144648637784,-0.003892159580834371,0.022025321024581736
3.8476999999999997,1.2816321667441428,100.02179135272927,-0.003892337549114588,0.022025554483578312
3.848,1.2816471093632482,100.02213603258241,-0.003892515425287792,0.02202578782169386
3.8482999999999996,1.2816620442916797,100.02248052603075,-0.0038926932093956597,0.022026021038983136
3.8486,1.2816769715328695,100.02282483316768,-0.0038928709014798583,0.022026254135500894
3.8489,1.2816918910902448,100.02316895408654,-0.0038930485015820117,0.02202648711130181
3.8491999999999997,1.2817068029672343,100.02351288888065,-0.003893226009743741,0.02202671996644058
3.8495,1.2817217071672613,100.02385663764318,-0.003893403426006624,0.022026952700971825
3.8497999999999997,1.2817366036937483,100.02420020046732,-0.0038935807504122144,0.022027185314950144
3.8501,1.2817514925501152,100.02454357744615,-0.0038937579830020464,0.02202741780843009
3.8503999999999996,1.2817663737397818,100.0248867686727,-0.0038939351238176274,0.022027650181466223
3.8507,1.2817812472661625,100.02522977423989,-0.0038941121729004274,0.022027882434113015
3.851,1.2817961131326727,100.02557259424067,-0.003894289130291913,0.022028114566424943
3.8512999999999997,1.2818109713427248,100.02591522876784,-0.003894465996033508,0.02202834657845645
3.8516,1.2818258218997278,100.02625767791419,-0.003894642770166611,0.02202857847026191
3.8518999999999997,1.2818406648070901,100.02659994177237,-0.003894819452732604,0.0220288102418957
3.8522,1.2818555000682175,100.02694202043509,-0.003894996043772834,0.022029041893412146
3.8524999999999996,1.281870327686513,100.02728391399486,-0.0038951725433286274,0.02202927342486553
3.8528,1.2818851476653794,100.02762562254422,-0.0038953489514412867,0.022029504836310134
3.8531,1.2818999600082164,100.02796714617563,-0.003895525268152087,0.022029736127800188
3.8533999999999997,1.2819147647184204,100.02830848498144,-0.0038957014935022726,0.02202996729938987
3.8537,1.2819295617993889,100.02864963905398,-0.003895877627533075,0.022030198351133363
3.8539999999999996,1.2819443512545126,100.0289906084855,-0.003896053670285681,0.02203042928308476
3.8543,1.2819591330871853,100.02933139336821,-0.0038962296218012747,0.022030660095298197
3.8545999999999996,1.2819739073007945,100.02967199379421,-0.0038964054821209954,0.0220308907878277
3.8548999999999998,1.2819886738987294,100.0300124098556,-0.0038965812512859687,0.022031121360727324
3.8552,1.2820034328843743,100.03035264164433,-0.0038967569293372906,0.022031351814051057
3.8554999999999997,1.2820181842611116,100.03069268925236,-0.0038969325163160278,0.02203158214785284
3.8558,1.282032928032324,100.03103255277158,-0.0038971080122632354,0.02203181236218663
3.8560999999999996,1.2820476642013885,100.03137223229378,-0.0038972834172199206,0.022032042457106285
3.8564,1.282062392771684,100.0317117279107,-0.003897458731227089,0.0220322724326657
3.8566999999999996,1.2820771137465847,100.03205103971402,-0.0038976339543257054,0.022032502288918687
3.8569999999999998,1.2820918271294637,100.03239016779538,-0.0038978090865567144,0.02203273202591904
3.8573,1.282106532923692,100.03272911224633,-0.003897984127961039,0.022032961643720532
3.8575999999999997,1.2821212311326373,100.03306787315834,-0.0038981590785795665,0.022033191142376864
3.8579,1.2821359217596686,100.03340645062286,-0.0038983339384531723,0.022033420521941766
3.8581999999999996,1.2821506048081486,100.03374484473126,-0.0038985087076226924,0.022033649782468866
3.8585,1.282165280281441,100.03408305557483,-0.00389868338612895,0.022033878924011815
3.8587999999999996,1.2821799481829066,100.03442108324481,-0.0038988579740127398,0.022034107946624207
3.8590999999999998,1.2821946085159035,100.03475892783239,-0.003899032471314826,0.02203433685035959
3.8594,1.2822092612837885,100.03509658942868,-0.0038992068780759515,0.022034565635271505
3.8596999999999997,1.2822239064899161,100.03543406812473,-0.003899381194336837,0.02203479430141344
3.86,1.28223854413764,100.03577136401152,-0.003899555420138176,0.02203502284883888
3.8602999999999996,1.2822531742303094,100.03610847718,-0.0038997295555206314,0.02203525127760123
3.8606,1.2822677967712723,100.036445407721,-0.0038999036005248453,0.02203547958775388
3.8609,1.2822824117638776,100.03678215572538,-0.0039000775551914467,0.02203570777935024
3.8611999999999997,1.2822970192114678,100.03711872128382,-0.0039002514195610165,0.0220359358524436
3.8615,1.2823116191173858,100.03745510448701,-0.0039004251936741252,0.022036163807087276
3.8617999999999997,1.2823262114849718,100.03779130542559,-0.0039005988775713146,0.02203639164333452
3.8621,1.2823407963175646,100.03812732419007,-0.0039007724712931046,0.02203661936123858
3.8623999999999996,1.2823553736185016,100.03846316087098,-0.003900945974879993,0.02203684696085267
3.8627,1.2823699433911147,100.03879881555872,-0.0039011193883724364,0.022037074442229916
3.863,1.282384505638739,100.03913428834369,-0.0039012927118108913,0.022037301805423497
3.8632999999999997,1.2823990603647033,100.03946957931616,-0.003901465945235767,0.022037529050486494
3.8636,1.2824136075723358,100.03980468856639,-0.003901639088687458,0.022037756177471973
3.8638999999999997,1.2824281472649637,100.04013961618456,-0.0039018121422063384,0.02203798318643298
3.8642,1.2824426794459105,100.04047436226077,-0.003901985105832744,0.02203821007742252
3.8644999999999996,1.2824572041185,100.04080892688508,-0.003902157979607002,0.02203843685049357
3.8648,1.2824717212860517,100.0411433101475,-0.003902330763569408,0.022038663505699062
3.8651,1.2824862309518827,100.04147751213796,-0.003902503457760221,0.022038890043091893
3.8653999999999997,1.2825007331193112,100.04181153294633,-0.0039026760622196946,0.02203911646272496
3.8657,1.2825152277916512,100.04214537266239,-0.0039028485769880515,0.022039342764651092
3.8659999999999997,1.2825297149722137,100.04247903137592,-0.0039030210021054773,0.022039568948923092
3.8663,1.2825441946643115,100.04281250917661,-0.003903193337612154,0.02203979501559377
3.8665999999999996,1.2825586668712499,100.04314580615407,-0.003903365583548221,0.02204002096471582
3.8669,1.282573131596338,100.04347892239785,-0.003903537739953804,0.022040246796342
3.8672,1.2825875888428795,100.04381185799748,-0.003903709806869003,0.022040472510524975
3.8674999999999997,1.2826020386141759,100.04414461304238,-0.003903881784333883,0.022040698107317385
3.8678,1.2826164809135285,100.04447718762195,-0.003904053672388501,0.02204092358677186
3.8680999999999996,1.2826309157442353,100.04480958182549,-0.003904225471072875,0.022041148948940974
3.8684,1.2826453431095932,100.04514179574225,-0.003904397180427008,0.022041374193877285
3.8686999999999996,1.2826597630128962,100.04547382946147,-0.003904568800490874,0.022041599321633305
3.8689999999999998,1.2826741754574371,100.04580568307223,-0.003904740331304421,0.02204182433226153
3.8693,1.282688580446506,100.04613735666364,-0.0039049117729075787,0.022042049225814403
3.8695999999999997,1.2827029779833927,100.0464688503247,-0.003905083125340247,0.022042274002344365
3.8699,1.2827173680713824,100.04680016414437,-0.0039052543886423053,0.022042498661903793
3.8701999999999996,1.2827317507137603,100.04713129821153,-0.003905425562853605,0.02204272320454505
3.8705,1.2827461259138089,100.04746225261502,-0.0039055966480139714,0.022042947630320463
3.8707999999999996,1.2827604936748085,100.0477930274436,-0.003905767644163213,0.022043171939282322
3.8710999999999998,1.2827748540000388,100.048123622786,-0.003905938551341111,0.022043396131482904
3.8714,1.2827892068927753,100.04845403873085,-0.003906109369587417,0.02204362020697442
3.8716999999999997,1.2828035523562944,100.04878427536674,-0.003906280098941867,0.022043844165809092
3.872,1.2828178903938676,100.04911433278222,-0.003906450739444165,0.022044068008039076
3.8722999999999996,1.2828322210087653,100.04944421106575,-0.003906621291133994,0.022044291733716494
3.8726,1.2828465442042587,100.0497739103057,-0.0039067917540510175,0.022044515342893485
3.8728999999999996,1.2828608599836122,100.05010343059045,-0.00390696212823486,0.022044738835622083
3.8731999999999998,1.2828751683500923,100.0504327720083,-0.003907132413725147,0.02204496221195435
3.8735,1.2828894693069608,100.05076193464745,-0.00390730261056145,0.022045185471942282
3.8737999999999997,1.2829037628574802,100.05109091859609,-0.003907472718783339,0.022045408615637873
3.8741,1.282918049004909,100.0514197239423,-0.003907642738430353,0.022045631643093054
3.8743999999999996,1.2829323277525047,100.05174835077416,-0.003907812669542005,0.022045854554359746
3.8747,1.282946599103521,100.05207679917963,-0.003907982512157781,0.022046077349489816
3.875,1.2829608630612126,100.05240506924665,-0.003908152266317151,0.022046300028535127
3.8752999999999997,1.2829751196288315,100.05273316106306,-0.003908321932059557,0.0220465225915475
3.8756,1.2829893688096252,100.05306107471671,-0.003908491509424414,0.022046745038578713
3.8758999999999997,1.2830036106068428,100.05338881029532,-0.003908660998451125,0.022046967369680533
3.8762,1.2830178450237288,100.0537163678866,-0.003908830399179048,0.02204718958490467
3.8764999999999996,1.2830320720635273,100.05404374757813,-0.003908999711647536,0.02204741168430283
3.8768,1.2830462917294791,100.05437094945754,-0.003909168935895906,0.022047633667926655
3.8770999999999995,1.2830605040248253,100.05469797361229,-0.003909338071963463,0.022047855535827797
3.8773999999999997,1.2830747089528027,100.05502482012986,-0.00390950711988948,0.02204807728805784
3.8777,1.2830889065166473,100.05535148909763,-0.003909676079713206,0.022048298924668357
3.8779999999999997,1.283103096719593,100.05567798060292,-0.003909844951473866,0.02204852044571088
3.8783,1.2831172795648726,100.05600429473303,-0.003910013735210668,0.02204874185123692
3.8785999999999996,1.283131455055715,100.05633043157515,-0.003910182430962785,0.02204896314129794
3.8789,1.2831456231953482,100.05665639121644,-0.003910351038769378,0.02204918431594538
3.8792,1.2831597839869997,100.05698217374398,-0.003910519558669575,0.022049405375230664
3.8794999999999997,1.2831739374338926,100.05730777924484,-0.0039106879907024866,0.022049626319205158
3.8798,1.28318808353925,100.05763320780595,-0.003910856334907195,0.022049847147920222
3.8800999999999997,1.2832022223062924,100.05795845951427,-0.0039110245913227615,0.02205006786142717
3.8804,1.2832163537382377,100.05828353445662,-0.0039111927599882225,0.022050288459777277
3.8806999999999996,1.2832304778383021,100.05860843271982,-0.003911360840942591,0.0220505089430218
3.881,1.2832445946097013,100.05893315439062,-0.003911528834224855,0.02205072931121197
3.8813,1.2832587040556487,100.05925769955569,-0.003911696739873986,0.022050949564398986
3.8815999999999997,1.2832728061793537,100.05958206830164,-0.003911864557928921,0.02205116970263399
3.8819,1.2832869009840262,100.05990626071505,-0.003912032288428584,0.022051389725968134
3.8821999999999997,1.2833009884728717,100.06023027688242,-0.003912199931411862,0.022051609634452487
3.8825,1.283315068649097,100.06055411689019,-0.003912367486917631,0.022051829428138145
3.8827999999999996,1.2833291415159058,100.06087778082477,-0.003912534954984742,0.022052049107076147
3.8830999999999998,1.283343207076498,100.06120126877248,-0.003912702335652019,0.02205226867131748
3.8834,1.2833572653340732,100.0615245808196,-0.003912869628958259,0.022052488120913125
3.8836999999999997,1.28337131629183,100.0618477170523,-0.003913036834942243,0.022052707455914044
3.884,1.2833853599529625,100.06217067755678,-0.003913203953642723,0.022052926676371123
3.8842999999999996,1.2833993963206665,100.06249346241914,-0.003913370985098433,0.022053145782335276
3.8846,1.2834134253981315,100.0628160717254,-0.003913537929348076,0.022053364773857328
3.8848999999999996,1.2834274471885494,100.06313850556153,-0.0039137047864303415,0.02205358365098812
3.8851999999999998,1.2834414616951069,100.06346076401346,-0.003913871556383886,0.02205380241377843
3.8855,1.283455468920991,100.06378284716706,-0.003914038239247349,0.022054021062279026
3.8857999999999997,1.2834694688693864,100.06410475510815,-0.003914204835059344,0.022054239596540643
3.8861,1.283483461543474,100.06442648792246,-0.0039143713438584615,0.022054458016613963
3.8863999999999996,1.2834974469464355,100.06474804569568,-0.003914537765683269,0.022054676322549666
3.8867,1.2835114250814492,100.06506942851347,-0.0039147041005723115,0.022054894514398394
3.8869999999999996,1.283525395951691,100.06539063646136,-0.0039148703485641055,0.022055112592210734
3.8872999999999998,1.2835393595603382,100.06571166962489,-0.003915036509697158,0.022055330556037294
3.8876,1.283553315910561,100.06603252808954,-0.003915202584009935,0.022055548405928597
3.8878999999999997,1.283567265005532,100.06635321194067,-0.003915368571540892,0.022055766141935162
3.8882,1.2835812068484205,100.06667372126365,-0.003915534472328457,0.022055983764107487
3.8884999999999996,1.2835951414423925,100.06699405614378,-0.003915700286411029,0.022056201272496
3.8888,1.2836090687906154,100.06731421666626,-0.003915866013827001,0.022056418667151155
3.8890999999999996,1.2836229888962514,100.06763420291628,-0.003916031654614723,0.02205663594812333
3.8893999999999997,1.2836369017624636,100.06795401497895,-0.0039161972088125364,0.0220568531154629
3.8897,1.28365080739241,100.06827365293933,-0.003916362676458749,0.022057070169220178
3.8899999999999997,1.2836647057892494,100.06859311688241,-0.003916528057591651,0.02205728710944548
3.8903,1.2836785969561382,100.06891240689315,-0.003916693352249511,0.022057503936189077
3.8905999999999996,1.2836924808962311,100.06923152305643,-0.003916858560470572,0.02205772064950122
3.8909,1.2837063576126806,100.06955046545706,-0.003917023682293057,0.02205793724943212
3.8911999999999995,1.2837202271086352,100.06986923417983,-0.003917188717755156,0.022058153736031934
3.8914999999999997,1.2837340893872458,100.07018782930946,-0.003917353666895053,0.02205837010935084
3.8918,1.2837479444516586,100.0705062509306,-0.003917518529750896,0.02205858636943896
3.8920999999999997,1.2837617923050177,100.07082449912785,-0.00391768330636081,0.022058802516346367
3.8924,1.2837756329504677,100.07114257398574,-0.003917847996762903,0.022059018550123138
3.8926999999999996,1.283789466391148,100.0714604755888,-0.003918012600995258,0.022059234470819287
3.893,1.2838032926302,100.07177820402141,-0.00391817711909594,0.022059450278484834
3.8933,1.2838171116707602,100.07209575936797,-0.0039183415511029815,0.022059665973169745
3.8935999999999997,1.283830923515965,100.07241314171281,-0.003918505897054398,0.022059881554923968
3.8939,1.2838447281689471,100.07273035114017,-0.00391867015698818,0.022060097023797395
3.8941999999999997,1.2838585256328392,100.07304738773425,-0.003918834330942298,0.02206031237983992
3.8945,1.283872315910772,100.07336425157922,-0.003918998418954699,0.022060527623101397
3.8947999999999996,1.2838860990058727,100.07368094275915,-0.003919162421063301,0.022060742753631634
3.8951,1.2838998749212684,100.07399746135808,-0.00391932633730601,0.022060957771480434
3.8954,1.2839136436600842,100.07431380745999,-0.0039194901677207065,0.022061172676697563
3.8956999999999997,1.2839274052254415,100.07462998114882,-0.003919653912345235,0.022061387469332727
3.896,1.2839411596204633,100.0749459825084,-0.0039198175712174405,0.02206160214943567
3.8962999999999997,1.283954906848267,100.07526181162257,-0.0039199811443751224,0.022061816717056024
3.8966,1.28396864691197,100.07557746857508,-0.003920144631856076,0.022062031172243445
3.8968999999999996,1.2839823798146892,100.07589295344961,-0.003920308033698061,0.022062245515047558
3.8971999999999998,1.2839961055595372,100.07620826632981,-0.0039204713499388245,0.02206245974551794
3.8975,1.284009824149626,100.07652340729929,-0.0039206345806160805,0.022062673863704137
3.8977999999999997,1.284023535588065,100.07683837644154,-0.003920797725767527,0.022062887869655667
3.8981,1.284037239877963,100.07715317384006,-0.00392096078543084,0.022063101763422036
3.8983999999999996,1.2840509370224262,100.07746779957827,-0.003921123759643675,0.022063315545052708
3.8987,1.2840646270245595,100.0777822537395,-0.0039212866484436525,0.02206352921459712
3.8989999999999996,1.2840783098874646,100.0780965364071,-0.003921449451868385,0.022063742772104662
3.8992999999999998,1.284091985614244,100.0784106476643,-0.003921612169955459,0.022063956217624737
3.8996,1.284105654207995,100.0787245875943,-0.003921774802742433,0.022064169551206658
3.8998999999999997,1.2841193156718154,100.07903835628022,-0.003921937350266846,0.022064382772899762
3.9002,1.2841329700088011,100.07935195380517,-0.00392209981256622,0.02206459588275334
3.9004999999999996,1.284146617222045,100.07966538025217,-0.003922262189678042,0.022064808880816633
3.9008,1.2841602573146393,100.0799786357042,-0.003922424481639791,0.02206502176713888
3.9010999999999996,1.284173890289674,100.08029172024415,-0.003922586688488915,0.02206523454176928
3.9013999999999998,1.2841875161502374,100.08060463395492,-0.003922748810262842,0.022065447204756998
3.9017,1.2842011348994156,100.0809173769193,-0.003922910846998978,0.02206565975615118
3.9019999999999997,1.2842147465402924,100.08122994922005,-0.003923072798734701,0.022065872196000924
3.9023,1.284228351075952,100.08154235093983,-0.0039232346655073795,0.02206608452435533
3.9025999999999996,1.2842419485094747,100.08185458216134,-0.003923396447354347,0.022066296741263442
3.9029,1.2842555388439398,100.08216664296712,-0.003923558144312924,0.022066508846774288
3.9031999999999996,1.2842691220824234,100.08247853343974,-0.0039237197564203985,0.022066720840936836
3.9034999999999997,1.2842826982280027,100.08279025366166,-0.003923881283714048,0.022066932723800087
3.9038,1.2842962672837508,100.08310180371528,-0.0039240427262311195,0.022067144495412958
3.9040999999999997,1.2843098292527395,100.08341318368299,-0.003924204084008842,0.022067356155824357
3.9044,1.2843233841380388,100.08372439364712,-0.00392436535708442,0.022067567705083158
3.9046999999999996,1.2843369319427178,100.08403543368989,-0.0039245265454950365,0.02206777914323822
3.905,1.2843504726698416,100.08434630389353,-0.003924687649277853,0.02206799047033834
3.9052999999999995,1.2843640063224768,100.08465700434014,-0.003924848668470008,0.022068201686432337
3.9055999999999997,1.2843775329036853,100.08496753511189,-0.0039250096031086205,0.022068412791568955
3.9059,1.2843910524165287,100.08527789629078,-0.003925170453230789,0.022068623785796933
3.9061999999999997,1.2844045648640658,100.08558808795878,-0.003925331218873576,0.02206883466916496
3.9065,1.2844180702493544,100.08589811019783,-0.003925491900074038,0.02206904544172172
3.9067999999999996,1.2844315685754506,100.0862079630898,-0.003925652496869204,0.02206925610351586
3.9071,1.284445059845409,100.08651764671654,-0.0039258130092960815,0.022069466654596
3.9073999999999995,1.2844585440622802,100.08682716115979,-0.003925973437391654,0.022069677095010707
3.9076999999999997,1.2844720212291167,100.08713650650128,-0.003926133781192887,0.022069887424808567
3.908,1.2844854913489654,100.08744568282265,-0.00392629404073672,0.022070097644038084
3.9082999999999997,1.2844989544248746,100.0877546902055,-0.003926454216060072,0.022070307752747778
3.9086,1.284512410459889,100.0880635287314,-0.003926614307199839,0.022070517750986115
3.9088999999999996,1.2845258594570512,100.08837219848184,-0.003926774314192897,0.022070727638801527
3.9092,1.2845393014194046,100.08868069953826,-0.0039269342370761035,0.02207093741624245
3.9094999999999995,1.284552736349987,100.08898903198204,-0.003927094075886284,0.022071147083357247
3.9097999999999997,1.2845661642518382,100.08929719589452,-0.003927253830660252,0.022071356640194294
3.9101,1.284579585127993,100.08960519135698,-0.003927413501434796,0.022071566086801907
3.9103999999999997,1.2845929989814875,100.08991301845064,-0.003927573088246679,0.02207177542322839
3.9107,1.2846064058153532,100.0902206772567,-0.003927732591132649,0.022071984649522012
3.9109999999999996,1.2846198056326217,100.09052816785622,-0.003927892010129427,0.02207219376573102
3.9112999999999998,1.284633198436322,100.09083549033033,-0.003928051345273716,0.022072402771903622
3.9116,1.2846465842294816,100.09114264476,-0.003928210596602193,0.02207261166808801
3.9118999999999997,1.284659963015126,100.09144963122621,-0.003928369764151514,0.022072820454332325
3.9122,1.2846733347962807,100.09175644980985,-0.003928528847958322,0.022073029130684724
3.9124999999999996,1.284686699575966,100.09206310059179,-0.003928687848059226,0.022073237697193285
3.9128,1.2847000573572027,100.09236958365277,-0.003928846764490818,0.022073446153906075
3.9130999999999996,1.28471340814301,100.09267589907361,-0.00392900559728967,0.02207365450087115
3.9133999999999998,1.2847267519364056,100.09298204693495,-0.003929164346492334,0.022073862738136534
3.9137,1.2847400887404028,100.09328802731744,-0.003929323012135333,0.02207407086575018
3.9139999999999997,1.2847534185580172,100.09359384030168,-0.003929481594255179,0.022074278883760082
3.9143,1.2847667413922585,100.09389948596818,-0.003929640092888355,0.022074486792214146
3.9145999999999996,1.2847800572461385,100.0942049643974,-0.003929798508071319,0.02207469459116029
3.9149,1.2847933661226636,100.0945102756698,-0.003929956839840518,0.02207490228064636
3.9151999999999996,1.2848066680248427,100.09481541986575,-0.003930115088232376,0.02207510986072024
3.9154999999999998,1.2848199629556778,100.09512039706556,-0.003930273253283285,0.02207531733142971
3.9158,1.2848332509181732,100.09542520734948,-0.003930431335029622,0.022075524692822573
3.9160999999999997,1.2848465319153302,100.09572985079772,-0.003930589333507745,0.022075731944946587
3.9164,1.2848598059501481,100.09603432749047,-0.003930747248753988,0.022075939087849487
3.9166999999999996,1.284873073025625,100.09633863750781,-0.003930905080804667,0.022076146121578974
3.917,1.2848863331447564,100.0966427809298,-0.003931062829696066,0.022076353046182717
3.9172999999999996,1.2848995863105377,100.09694675783645,-0.003931220495464466,0.022076559861708384
3.9175999999999997,1.2849128325259593,100.09725056830769,-0.003931378078146107,0.02207676656820356
3.9179,1.2849260717940147,100.09755421242343,-0.003931535577777218,0.022076973165715875
3.9181999999999997,1.2849393041176915,100.0978576902635,-0.00393169299439401,0.022077179654292865
3.9185,1.2849525294999773,100.09816100190771,-0.003931850328032664,0.022077386033982075
3.9187999999999996,1.2849657479438577,100.09846414743578,-0.0039320075787293435,0.022077592304831008
3.9191,1.2849789594523173,100.0987671269274,-0.003932164746520195,0.022077798466887157
3.9193999999999996,1.2849921640283377,100.0990699404622,-0.003932321831441332,0.022078004520197956
3.9196999999999997,1.285005361674899,100.09937258811976,-0.003932478833528862,0.02207821046481083
3.92,1.285018552394981,100.09967506997963,-0.003932635752818858,0.02207841630077318
3.9202999999999997,1.2850317361915595,100.09997738612125,-0.003932792589347378,0.022078622028132367
3.9206,1.2850449130676114,100.10027953662407,-0.0039329493431504645,0.022078827646935743
3.9208999999999996,1.285058083026109,100.10058152156745,-0.003933106014264126,0.022079033157230612
3.9212,1.2850712460700249,100.10088334103071,-0.0039332626027243625,0.022079238559064258
3.9214999999999995,1.2850844022023296,100.10118499509312,-0.00393341910856714,0.022079443852483945
3.9217999999999997,1.2850975514259906,100.1014864838339,-0.0039335755318284146,0.022079649037536887
3.9221,1.285110693743975,100.1017878073322,-0.003933731872544115,0.02207985411427029
3.9223999999999997,1.2851238291592482,100.10208896566715,-0.003933888130750154,0.022080059082731335
3.9227,1.285136957674773,100.10238995891777,-0.003934044306482416,0.022080263942967155
3.9229999999999996,1.2851500792935124,100.10269078716311,-0.003934200399776771,0.022080468695024884
3.9233,1.2851631940184243,100.10299145048211,-0.003934356410669064,0.022080673338951595
3.9235999999999995,1.2851763018524687,100.10329194895367,-0.003934512339195123,0.02208087787479436
3.9238999999999997,1.2851894027986008,100.10359228265666,-0.003934668185390749,0.022081082302600207
3.9242,1.2852024968597766,100.10389245166985,-0.003934823949291727,0.022081286622416152
3.9244999999999997,1.2852155840389483,100.104192456072,-0.0039349796309338225,0.022081490834289168
3.9248,1.2852286643390685,100.10449229594182,-0.003935135230352774,0.02208169493826622
3.9250999999999996,1.2852417377630856,100.10479197135794,-0.003935290747584303,0.022081898934394217
3.9254,1.2852548043139478,100.10509148239896,-0.003935446182664108,0.022082102822720055
3.9257,1.285267863994603,100.10539082914345,-0.003935601535627872,0.022082306603290622
3.9259999999999997,1.2852809168079942,100.10569001166984,-0.003935756806511247,0.02208251027615274
3.9263,1.2852939627570643,100.1059890300566,-0.003935911995349874,0.02208271384135323
3.9265999999999996,1.2853070018447557,100.10628788438216,-0.0039360671021793706,0.022082917298938888
3.9269,1.2853200340740074,100.1065865747248,-0.00393622212703533,0.022083120648956466
3.9271999999999996,1.2853330594477572,100.10688510116283,-0.003936377069953327,0.022083323891452695
3.9274999999999998,1.2853460779689416,100.10718346377446,-0.003936531930968916,0.02208352702647429
3.9277999999999995,1.285359089640495,100.10748166263791,-0.00393668671011763,0.02208373005406792
3.9280999999999997,1.2853720944653504,100.1077796978313,-0.003936841407434985,0.022083932974280244
3.9284,1.2853850924464383,100.10807756943271,-0.003936996022956465,0.02208413578715787
3.9286999999999996,1.2853980835866892,100.10837527752017,-0.003937150556717551,0.022084338492747414
3.929,1.2854110678890298,100.10867282217166,-0.003937305008753685,0.022084541091095426
3.9292999999999996,1.2854240453563879,100.1089702034651,-0.003937459379100304,0.022084743582248476
3.9295999999999998,1.2854370159916857,100.10926742147838,-0.0039376136677928076,0.022084945966253045
3.9299,1.2854499797978483,100.10956447628931,-0.003937767874866594,0.022085148243155647
3.9301999999999997,1.285462936777794,100.1098613679757,-0.003937922000357023,0.022085350413002715
3.9305,1.2854758869344451,100.11015809661524,-0.003938076044299447,0.022085552475840715
3.9307999999999996,1.285488830270718,100.1104546622856,-0.003938230006729191,0.022085754431716034
3.9311,1.2855017667895283,100.11075106506446,-0.003938383887681561,0.022085956280675046
3.9313999999999996,1.2855146964937922,100.11104730502936,-0.003938537687191846,0.02208615802276413
3.9316999999999998,1.2855276193864205,100.1113433822578,-0.003938691405295303,0.022086359658029582
3.932,1.2855405354703249,100.11163929682728,-0.003938845042027179,0.022086561186517705
3.9322999999999997,1.2855534447484154,100.11193504881518,-0.0039389985974227016,0.022086762608274788
3.9326,1.285566347223599,100.11223063829895,-0.003939152071517071,0.022086963923347053
3.9328999999999996,1.2855792428987827,100.11252606535587,-0.003939305464345476,0.02208716513178074
3.9332,1.28559213177687,100.11282133006318,-0.00393945877594307,0.02208736623362202
3.9334999999999996,1.285605013860764,100.11311643249816,-0.003939612006345001,0.022087567228917068
3.9337999999999997,1.2856178891533663,100.11341137273793,-0.003939765155586389,0.02208776811771202
3.9341,1.2856307576575754,100.11370615085964,-0.003939918223702333,0.022087968900052973
3.9343999999999997,1.2856436193762908,100.11400076694035,-0.00394007121072792,0.022088169575986034
3.9347,1.2856564743124066,100.11429522105708,-0.003940224116698204,0.022088370145557236
3.9349999999999996,1.2856693224688187,100.1145895132868,-0.003940376941648227,0.02208857060881262
3.9353,1.2856821638484193,100.11488364370643,-0.00394052968561301,0.022088770965798185
3.9355999999999995,1.2856949984541002,100.11517761239284,-0.0039406823486275505,0.022088971216559915
3.9358999999999997,1.2857078262887502,100.11547141942286,-0.0039408349307268305,0.022089171361143748
3.9362,1.2857206473552572,100.11576506487326,-0.003940987431945806,0.022089371399595607
3.9364999999999997,1.2857334616565086,100.11605854882075,-0.003941139852319416,0.0220895713319614
3.9368,1.2857462691953883,100.11635187134199,-0.003941292191882583,0.022089771158286992
3.9370999999999996,1.2857590699747787,100.11664503251363,-0.003941444450670198,0.022089970878618217
3.9374,1.2857718639975624,100.11693803241222,-0.003941596628717145,0.022090170493000903
3.9376999999999995,1.2857846512666176,100.11723087111427,-0.003941748726058276,0.022090370001480824
3.9379999999999997,1.2857974317848242,100.11752354869628,-0.003941900742728433,0.02209056940410377
3.9383,1.285810205555057,100.11781606523469,-0.003942052678762437,0.022090768700915447
3.9385999999999997,1.2858229725801915,100.11810842080583,-0.003942204534195073,0.02209096789196158
3.9389,1.285835732863101,100.11840061548602,-0.003942356309061127,0.022091166977287857
3.9391999999999996,1.2858484864066562,100.11869264935157,-0.003942508003395352,0.022091365956939918
3.9395,1.285861233213728,100.11898452247868,-0.003942659617232488,0.022091564830963417
3.9398,1.2858739732871842,100.11927623494354,-0.0039428111506072516,0.02209176359940394
3.9400999999999997,1.2858867066298916,100.11956778682227,-0.003942962603554337,0.022091962262307075
3.9404,1.2858994332447147,100.11985917819094,-0.003943113976108423,0.022092160819718366
3.9406999999999996,1.285912153134518,100.12015040912557,-0.003943265268304166,0.022092359271683352
3.941,1.2859248663021619,100.12044147970218,-0.003943416480176199,0.02209255761824751
3.9412999999999996,1.2859375727505067,100.12073238999665,-0.00394356761175914,0.022092755859456317
3.9415999999999998,1.2859502724824121,100.12102314008489,-0.00394371866308759,0.02209295399535524
3.9418999999999995,1.2859629655007343,100.12131373004273,-0.003943869634196123,0.022093152025989687
3.9421999999999997,1.285975651808328,100.12160415994593,-0.003944020525119292,0.022093349951405043
3.9425,1.285988331408047,100.12189442987024,-0.003944171335891634,0.02209354777164668
3.9427999999999996,1.286001004302744,100.12218453989135,-0.003944322066547672,0.022093745486759943
3.9431,1.2860136704952696,100.12247449008488,-0.0039444727171218975,0.022093943096790147
3.9433999999999996,1.286026329988471,100.12276428052643,-0.003944623287648789,0.02209414060178258
3.9436999999999998,1.286038982785198,100.12305391129152,-0.003944773778162803,0.02209433800178251
3.944,1.2860516288882933,100.12334338245566,-0.003944924188698378,0.022094535296835163
3.9442999999999997,1.2860642683006027,100.12363269409428,-0.00394507451928993,0.022094732486985756
3.9446,1.2860769010249677,100.12392184628278,-0.003945224769971858,0.02209492957227947
3.9448999999999996,1.2860895270642294,100.12421083909649,-0.003945374940778536,0.02209512655276146
3.9452,1.2861021464212272,100.12449967261071,-0.003945525031744328,0.02209532342847688
3.9454999999999996,1.2861147590987987,100.12478834690069,-0.003945675042903568,0.022095520199470815
3.9457999999999998,1.2861273650997789,100.12507686204162,-0.003945824974290574,0.022095716865788345
3.9460999999999995,1.2861399644270022,100.12536521810866,-0.003945974825939645,0.02209591342747453
3.9463999999999997,1.2861525570833026,100.1256534151769,-0.003946124597885062,0.02209610988457441
3.9467,1.28616514307151,100.1259414533214,-0.003946274290161085,0.02209630623713297
3.9469999999999996,1.2861777223944548,100.12622933261716,-0.0039464239028019505,0.022096502485195197
3.9473,1.2861902950549642,100.12651705313914,-0.003946573435841879,0.022096698628806033
3.9475999999999996,1.2862028610558647,100.12680461496225,-0.00394672288931507,0.02209689466801041
3.9478999999999997,1.2862154203999816,100.12709201816133,-0.003946872263255707,0.02209709060285323
3.9482,1.2862279730901371,100.12737926281122,-0.003947021557697949,0.022097286433379357
3.9484999999999997,1.286240519129153,100.12766634898665,-0.003947170772675937,0.022097482159633645
3.9488,1.2862530585198497,100.12795327676236,-0.003947319908223791,0.022097677781660913
3.9490999999999996,1.2862655912650456,100.12824004621302,-0.003947468964375617,0.02209787329950596
3.9494,1.2862781173675568,100.12852665741323,-0.003947617941165496,0.022098068713213556
3.9496999999999995,1.2862906368301996,100.12881311043758,-0.003947766838627492,0.022098264022828447
3.9499999999999997,1.2863031496557868,100.12909940536058,-0.003947915656795647,0.022098459228395352
3.9503,1.28631565584713,100.1293855422567,-0.003948064395703984,0.02209865432995895
3.9505999999999997,1.2863281554070403,100.1296715212004,-0.00394821305538651,0.022098849327563928
3.9509,1.286340648338326,100.12995734226602,-0.003948361635877206,0.02209904422125491
3.9511999999999996,1.2863531346437957,100.13024300552792,-0.0039485101372100425,0.02209923901107654
3.9515,1.2863656143262534,100.13052851106038,-0.003948658559418962,0.022099433697073373
3.9517999999999995,1.286378087388505,100.13081385893763,-0.003948806902537898,0.02209962827929001
3.9520999999999997,1.2863905538333513,100.13109904923385,-0.003948955166600748,0.02209982275777097
3.9524,1.286403013663594,100.13138408202322,-0.003949103351641404,0.02210001713256076
3.9526999999999997,1.2864154668820327,100.13166895737979,-0.0039492514576937345,0.022100211403703888
3.953,1.286427913491465,100.13195367537763,-0.00394939948479159,0.022100405571244805
3.9532999999999996,1.2864403534946869,100.13223823609071,-0.0039495474329687965,0.022100599635227956
3.9536,1.2864527868944935,100.13252263959303,-0.003949695302259167,0.02210079359569775
3.9538999999999995,1.2864652136936778,100.13280688595847,-0.003949843092696492,0.022100987452698572
3.9541999999999997,1.2864776338950312,100.1330909752609,-0.003949990804314545,0.022101181206274783
3.9545,1.2864900475013434,100.13337490757411,-0.003950138437147074,0.02210137485647072
3.9547999999999996,1.286502454515404,100.13365868297186,-0.003950285991227818,0.022101568403330704
3.9551,1.2865148549399985,100.1339423015279,-0.003950433466590488,0.022101761846899014
3.9553999999999996,1.286527248777912,100.13422576331585,-0.003950580863268775,0.022101955187219892
3.9556999999999998,1.286539636031929,100.13450906840939,-0.00395072818129636,0.02210214842433759
3.9559999999999995,1.286552016704832,100.13479221688205,-0.003950875420706896,0.022102341558296327
3.9562999999999997,1.2865643907994009,100.13507520880736,-0.0039510225815340225,0.022102534589140275
3.9566,1.2865767583184147,100.13535804425884,-0.003951169663811355,0.02210272751691359
3.9568999999999996,1.286589119264652,100.13564072330986,-0.003951316667572492,0.022102920341660417
3.9572,1.2866014736408868,100.13592324603387,-0.003951463592851015,0.02210311306342485
3.9574999999999996,1.2866138214498948,100.13620561250418,-0.003951610439680485,0.02210330568225099
3.9577999999999998,1.286626162694448,100.13648782279408,-0.003951757208094438,0.022103498198182876
3.9581,1.2866384973773184,100.13676987697683,-0.003951903898126401,0.022103690611264555
3.9583999999999997,1.2866508255012763,100.13705177512561,-0.003952050509809879,0.02210388292154004
3.9587,1.2866631470690884,100.13733351731359,-0.003952197043178349,0.022104075129053304
3.9589999999999996,1.2866754620835223,100.13761510361388,-0.003952343498265283,0.02210426723384831
3.9593,1.2866877705473416,100.13789653409954,-0.00395248987510412,0.02210445923596897
3.9595999999999996,1.2867000724633113,100.13817780884355,-0.003952636173728289,0.022104651135459216
3.9598999999999998,1.2867123678341936,100.13845892791893,-0.003952782394171208,0.02210484293236294
3.9601999999999995,1.2867246566627488,100.13873989139856,-0.003952928536466253,0.022105034626723984
3.9604999999999997,1.2867369389517347,100.13902069935533,-0.003953074600646798,0.022105226218586176
3.9608,1.2867492147039092,100.13930135186206,-0.003953220586746191,0.02210541770799333
3.9610999999999996,1.2867614839220287,100.13958184899153,-0.003953366494797769,0.022105609094989234
3.9614,1.2867737466088462,100.13986219081649,-0.003953512324834844,0.022105800379617627
3.9616999999999996,1.286786002767116,100.14014237740963,-0.0039536580768907105,0.02210599156192228
3.9619999999999997,1.286798252399588,100.14042240884356,-0.003953803750998639,0.022106182641946866
3.9623,1.2868104955090132,100.14070228519091,-0.003953949347191892,0.02210637361973509
3.9625999999999997,1.2868227320981387,100.14098200652424,-0.003954094865503707,0.022106564495330605
3.9629,1.2868349621697108,100.14126157291602,-0.003954240305967296,0.022106755268777034
3.9631999999999996,1.2868471857264754,100.14154098443872,-0.003954385668615865,0.022106945940117997
3.9635,1.2868594027711762,100.14182024116475,-0.003954530953482591,0.022107136509397083
3.9637999999999995,1.2868716133065543,100.14209934316648,-0.0039546761606006385,0.022107326976657845
3.9640999999999997,1.2868838173353505,100.14237829051623,-0.0039548212900031516,0.022107517341943814
3.9644,1.2868960148603046,100.14265708328628,-0.003954966341723253,0.022107707605298507
3.9646999999999997,1.2869082058841532,100.14293572154885,-0.003955111315794047,0.022107897766765416
3.965,1.2869203904096327,100.14321420537613,-0.003955256212248627,0.022108087826387995
3.9652999999999996,1.2869325684394768,100.14349253484023,-0.0039554010311200535,0.022108277784209675
3.9656,1.2869447399764191,100.14377071001329,-0.003955545772441382,0.022108467640273875
3.9658999999999995,1.2869569050231902,100.14404873096733,-0.003955690436245639,0.02210865739462398
3.9661999999999997,1.2869690635825202,100.14432659777432,-0.0039558350225658385,0.022108847047303346
3.9665,1.2869812156571385,100.14460431050627,-0.00395597953143498,0.022109036598355336
3.9667999999999997,1.2869933612497708,100.14488186923505,-0.00395612396288603,0.02210922604782324
3.9671,1.2870055003631427,100.14515927403254,-0.003956268316951948,0.022109415395750353
3.9673999999999996,1.2870176329999774,100.14543652497056,-0.003956412593665672,0.02210960464217994
3.9677,1.2870297591629982,100.14571362212087,-0.00395655679306012,0.02210979378715524
3.9679999999999995,1.287041878854925,100.14599056555518,-0.003956700915168193,0.022109982830719473
3.9682999999999997,1.2870539920784776,100.1462673553452,-0.003956844960022773,0.02211017177291583
3.9686,1.287066098836374,100.14654399156258,-0.003956988927656727,0.022110360613787478
3.9688999999999997,1.287078199131329,100.14682047427887,-0.003957132818102891,0.02211054935337755
3.9692,1.2870902929660586,100.14709680356565,-0.003957276631394099,0.022110737991729173
3.9694999999999996,1.287102380343276,100.14737297949439,-0.003957420367563157,0.022110926528885445
3.9697999999999998,1.2871144612656926,100.14764900213656,-0.003957564026642853,0.02211111496488943
3.9700999999999995,1.2871265357360187,100.14792487156359,-0.003957707608665961,0.022111303299784172
3.9703999999999997,1.2871386037569623,100.1482005878468,-0.003957851113665226,0.022111491533612686
3.9707,1.287150665331232,100.14847615105755,-0.003957994541673387,0.02211167966641798
3.9709999999999996,1.2871627204615326,100.14875156126709,-0.003958137892723162,0.022111867698243026
3.9713,1.2871747691505686,100.14902681854667,-0.003958281166847243,0.022112055629130763
3.9715999999999996,1.2871868114010425,100.14930192296747,-0.0039584243640783095,0.022112243459124124
3.9718999999999998,1.2871988472156553,100.14957687460061,-0.003958567484449023,0.022112431188266
3.9721999999999995,1.2872108765971082,100.1498516735172,-0.0039587105279920275,0.022112618816599285
3.9724999999999997,1.2872228995480974,100.15012631978828,-0.00395885349473994,0.0221128063441668
3.9728,1.287234916071321,100.15040081348491,-0.003958996384725374,0.0221129937710114
3.9730999999999996,1.2872469261694741,100.15067515467797,-0.003959139197980908,0.022113181097175878
3.9734,1.2872589298452504,100.15094934343843,-0.003959281934539117,0.02211336832270302
3.9736999999999996,1.287270927101341,100.15122337983712,-0.0039594245944325444,0.022113555447635554
3.9739999999999998,1.2872829179404384,100.15149726394492,-0.00395956717769373,0.02211374247201624
3.9742999999999995,1.2872949023652316,100.15177099583256,-0.003959709684355183,0.022113929395887782
3.9745999999999997,1.2873068803784073,100.15204457557081,-0.003959852114449397,0.022114116219292844
3.9749,1.2873188519826528,100.15231800323038,-0.003959994468008852,0.022114302942274105
3.9751999999999996,1.2873308171806535,100.15259127888186,-0.003960136745066007,0.022114489564874197
3.9755,1.2873427759750913,100.1528644025959,-0.003960278945653298,0.02211467608713572
3.9757999999999996,1.28735472836865,100.15313737444305,-0.003960421069803153,0.022114862509101274
3.9760999999999997,1.2873666743640082,100.15341019449382,-0.003960563117547975,0.022115048830813416
3.9764,1.2873786139638452,100.15368286281868,-0.003960705088920149,0.02211523505231468
3.9766999999999997,1.2873905471708398,100.15395537948807,-0.0039608469839520445,0.022115421173647593
3.977,1.2874024739876662,100.15422774457237,-0.003960988802676008,0.022115607194854635
3.9772999999999996,1.2874143944170002,100.1544999581419,-0.003961130545124375,0.02211579311597828
3.9776,1.2874263084615145,100.15477202026699,-0.003961272211329456,0.022115978937060975
3.9778999999999995,1.2874382161238804,100.15504393101784,-0.003961413801323544,0.02211616465814513
3.9781999999999997,1.2874501174067683,100.1553156904647,-0.003961555315138927,0.02211635027927315
3.9784999999999995,1.287462012312847,100.15558729867773,-0.003961696752807852,0.022116535800487405
3.9787999999999997,1.2874739008447833,100.15585875572702,-0.0039618381143625685,0.022116721221830244
3.9791,1.2874857830052429,100.15613006168266,-0.003961979399835296,0.022116906543343987
3.9793999999999996,1.2874976587968907,100.15640121661468,-0.003962120609258239,0.02211709176507095
3.9797,1.2875095282223892,100.1566722205931,-0.003962261742663589,0.0221172768870534
3.9799999999999995,1.287521391284399,100.1569430736878,-0.00396240280008351,0.02211746190933359
3.9802999999999997,1.2875332479855803,100.1572137759687,-0.003962543781550156,0.022117646831953743
3.9806,1.287545098328592,100.15748432750568,-0.00396268468709566,0.022117831654956083
3.9808999999999997,1.287556942316091,100.15775472836854,-0.003962825516752137,0.022118016378382788
3.9812,1.2875687799507327,100.15802497862705,-0.003962966270551686,0.022118201002276013
3.9814999999999996,1.2875806112351713,100.1582950783509,-0.003963106948526384,0.022118385526677907
3.9818,1.2875924361720583,100.15856502760982,-0.003963247550708293,0.022118569951630557
3.9820999999999995,1.287604254764046,100.15883482647342,-0.003963388077129459,0.022118754277176075
3.9823999999999997,1.2876160670137837,100.1591044750113,-0.003963528527821905,0.022118938503356517
3.9827,1.287627872923919,100.15937397329301,-0.00396366890281764,0.02211912263021392
3.9829999999999997,1.2876396724970998,100.15964332138806,-0.003963809202148655,0.022119306657790317
3.9833,1.287651465735971,100.1599125193659,-0.003963949425846921,0.0221194905861277
3.9835999999999996,1.2876632526431757,100.16018156729596,-0.0039640895739443925,0.022119674415268024
3.9838999999999998,1.2876750332213576,100.16045046524762,-0.003964229646473007,0.02211985814525326
3.9841999999999995,1.287686807473157,100.16071921329021,-0.003964369643464683,0.02212004177612532
3.9844999999999997,1.287698575401213,100.160987811493,-0.00396450956495132,0.0221202253079261
3.9848,1.2877103370081644,100.16125625992527,-0.003964649410964804,0.022120408740697494
3.9850999999999996,1.287722092296647,100.1615245586562,-0.003964789181537,0.022120592074481343
3.9854,1.2877338412692974,100.16179270775497,-0.003964928876699755,0.022120775309319485
3.9856999999999996,1.2877455839287482,100.16206070729068,-0.0039650684964849005,0.022120958445253733
3.9859999999999998,1.2877573202776322,100.16232855733239,-0.0039652080409242445,0.022121141482325864
3.9862999999999995,1.2877690503185804,100.16259625794918,-0.0039653475100495895,0.022121324420577647
3.9865999999999997,1.2877807740542215,100.16286380920997,-0.003965486903892705,0.02212150726005081
3.9869,1.287792491487184,100.16313121118375,-0.003965626222485355,0.022121690000787068
3.9871999999999996,1.2878042026200942,100.16339846393944,-0.0039657654658592795,0.022121872642828118
3.9875,1.2878159074555782,100.16366556754586,-0.003965904634046204,0.022122055186215635
3.9877999999999996,1.2878276059962588,100.16393252207185,-0.003966043727077835,0.022122237630991262
3.9880999999999998,1.2878392982447588,100.16419932758618,-0.003966182744985862,0.022122419977196623
3.9883999999999995,1.2878509842036983,100.16446598415754,-0.003966321687801949,0.022122602224873302
3.9886999999999997,1.2878626638756976,100.16473249185469,-0.0039664605555577645,0.022122784374062898
3.989,1.2878743372633747,100.16499885074623,-0.003966599348284935,0.022122966424806954
3.9892999999999996,1.2878860043693448,100.16526506090075,-0.0039667380660150745,0.022123148377146986
3.9896,1.2878976651962246,100.16553112238684,-0.0039668767087797955,0.022123330231124526
3.9898999999999996,1.2879093197466267,100.16579703527303,-0.003967015276610674,0.022123511986781034
3.9901999999999997,1.2879209680231647,100.16606279962775,-0.003967153769539279,0.022123693644157994
3.9905,1.2879326100284485,100.16632841551946,-0.003967292187597162,0.022123875203296835
3.9907999999999997,1.2879442457650874,100.16659388301653,-0.003967430530815845,0.022124056664238962
3.9911,1.28795587523569,100.16685920218735,-0.0039675687992268525,0.022124238027025782
3.9913999999999996,1.2879674984428628,100.1671243731002,-0.0039677069928616745,0.022124419291698654
3.9917,1.2879791153892108,100.16738939582332,-0.003967845111751792,0.022124600458298928
3.9919999999999995,1.2879907260773384,100.16765427042496,-0.003967983155928667,0.022124781526867938
3.9922999999999997,1.2880023305098471,100.16791899697328,-0.003968121125423744,0.022124962497446967
3.9925999999999995,1.2880139286893384,100.16818357553645,-0.003968259020268448,0.022125143370077302
3.9928999999999997,1.2880255206184117,100.16844800618252,-0.003968396840494187,0.022125324144800194
3.9932,1.288037106299665,100.16871228897956,-0.003968534586132357,0.02212550482165688
3.9934999999999996,1.2880486857356952,100.16897642399557,-0.003968672257214329,0.022125685400688565
3.9938,1.288060258929098,100.16924041129855,-0.0039688098537714635,0.02212586588193644
3.9940999999999995,1.2880718258824666,100.1695042509564,-0.0039689473758351005,0.02212604626544167
3.9943999999999997,1.2880833865983932,100.16976794303697,-0.003969084823436559,0.02212622655124537
3.9947,1.2880949410794706,100.17003148760818,-0.003969222196607148,0.022126406739388708
3.9949999999999997,1.2881064893282863,100.17029488473777,-0.003969359495378154,0.022126586829912726
3.9953,1.2881180313474303,100.1705581344935,-0.003969496719780847,0.022126766822858537
3.9955999999999996,1.2881295671394888,100.17082123694311,-0.003969633869846487,0.022126946718267176
3.9959,1.2881410967070468,100.17108419215425,-0.003969770945606301,0.02212712651617966
3.9961999999999995,1.2881526200526898,100.17134700019459,-0.003969907947091515,0.022127306216637017
3.9964999999999997,1.2881641371789991,100.17160966113167,-0.003970044874333329,0.02212748581968021
3.9967999999999995,1.2881756480885564,100.17187217503306,-0.0039701817273629265,0.022127665325350206
3.9970999999999997,1.2881871527839417,100.17213454196627,-0.003970318506211479,0.02212784473368794
3.9974,1.288198651267734,100.17239676199877,-0.003970455210910134,0.022128024044734337
3.9976999999999996,1.2882101435425093,100.17265883519796,-0.003970591841490026,0.022128203258530276
3.9979999999999998,1.2882216296108446,100.17292076163126,-0.00397072839798227,0.022128382375116634
3.9982999999999995,1.288233109475313,100.17318254136597,-0.003970864880417965,0.022128561394534247
3.9985999999999997,1.2882445831384879,100.1734441744694,-0.003971001288828196,0.02212874031682395
3.9989,1.288256050602941,100.17370566100882,-0.003971137623244025,0.02212891914202654
3.9991999999999996,1.2882675118712423,100.17396700105144,-0.003971273883696502,0.022129097870182805
3.9995,1.2882789669459604,100.17422819466444,-0.003971410070216657,0.022129276501333485
3.9997999999999996,1.288290415829664,100.17448924191494,-0.003971546182835508,0.022129455035519344
4.0001,1.2883018585249169,100.17475014287004,-0.0039716822215840435,0.022129633472781057
4.0004,1.2883132950342846,100.17501089759676,-0.003971818186493247,0.022129811813159334
4.0007,1.2883247253603305,100.17527150616216,-0.003971954077594081,0.022129990056694845
4.0009999999999994,1.288336149505617,100.17553196863318,-0.003972089894917494,0.02213016820342823
4.0013,1.2883475674727038,100.17579228507675,-0.003972225638494411,0.02213034625340012
4.0016,1.28835897926415,100.17605245555976,-0.003972361308355747,0.0221305242066511
4.0019,1.2883703848825134,100.17631248014904,-0.003972496904532393,0.02213070206322176
4.002199999999999,1.2883817843303502,100.17657235891141,-0.003972632427055232,0.022130879823152646
4.0024999999999995,1.2883931776102162,100.17683209191361,-0.003972767875955122,0.022131057486484314
4.0028,1.288404564724664,100.17709167922239,-0.003972903251262908,0.02213123505325725
4.0031,1.288415945676246,100.1773511209044,-0.003973038553009418,0.02213141252351196
4.0034,1.2884273204675132,100.1776104170263,-0.0039731737812254584,0.022131589897288896
4.003699999999999,1.288438689101015,100.17786956765468,-0.003973308935941826,0.022131767174628513
4.004,1.2884500515792998,100.17812857285612,-0.003973444017189301,0.022131944355571243
4.0043,1.2884614079049135,100.1783874326971,-0.003973579024998635,0.022132121440157467
4.0046,1.2884727580804016,100.1786461472441,-0.003973713959400576,0.022132298428427573
4.004899999999999,1.288484102108309,100.17890471656358,-0.003973848820425851,0.022132475320421917
4.005199999999999,1.288495439991178,100.17916314072193,-0.003973983608105166,0.022132652116180842
4.0055,1.2885067717315488,100.17942141978547,-0.003974118322469217,0.022132828815744642
4.0058,1.2885180973319625,100.17967955382055,-0.003974252963548679,0.022133005419153622
4.0061,1.288529416794957,100.17993754289344,-0.003974387531374213,0.022133181926448045
4.006399999999999,1.28854073012307,100.18019538707034,-0.0039745220259764565,0.02213335833766816
4.0066999999999995,1.2885520373188366,100.18045308641749,-0.003974656447386037,0.022133534652854187
4.007,1.2885633383847914,100.18071064100099,-0.003974790795633561,0.022133710872046325
4.0073,1.2885746333234673,100.18096805088697,-0.00397492507074963,0.02213388699528476
4.0076,1.2885859221373979,100.18122531614152,-0.003975059272764812,0.022134063022609663
4.007899999999999,1.2885972048291106,100.18148243683065,-0.003975193401709666,0.022134238954061143
4.0081999999999995,1.2886084814011358,100.18173941302034,-0.003975327457614734,0.02213441478967933
4.0085,1.2886197518560016,100.18199624477656,-0.003975461440510545,0.02213459052950432
4.0088,1.2886310161962342,100.18225293216518,-0.003975595350427607,0.02213476617357618
4.0091,1.2886422744243573,100.18250947525212,-0.003975729187396409,0.022134941721934948
4.009399999999999,1.288653526542896,100.18276587410317,-0.003975862951447429,0.022135117174620668
4.0097,1.2886647725543723,100.18302212878413,-0.003975996642611127,0.02213529253167334
4.01,1.2886760124613064,100.18327823936076,-0.003976130260917945,0.022135467793132944
4.0103,1.2886872462662187,100.18353420589875,-0.003976263806398312,0.02213564295903945
4.010599999999999,1.288698473971626,100.18379002846376,-0.003976397279082628,0.022135818029432777
4.0108999999999995,1.288709695580047,100.18404570712146,-0.003976530679001297,0.02213599300435287
4.0112,1.2887209110939957,100.18430124193738,-0.003976664006184688,0.0221361678838396
4.0115,1.288732120515987,100.18455663297709,-0.003976797260663165,0.02213634266793286
4.0118,1.2887433238485333,100.1848118803061,-0.003976930442467067,0.022136517356672495
4.012099999999999,1.2887545210941471,100.18506698398988,-0.003977063551626727,0.02213669195009835
4.0123999999999995,1.2887657122553375,100.18532194409387,-0.003977196588172451,0.02213686644825021
4.0127,1.288776897334614,100.18557676068343,-0.003977329552134536,0.02213704085116789
4.013,1.2887880763344834,100.1858314338239,-0.003977462443543255,0.022137215158891135
4.0133,1.2887992492574525,100.18608596358064,-0.003977595262428873,0.0221373893714597
4.013599999999999,1.2888104161060256,100.18634035001888,-0.003977728008821636,0.022137563488913308
4.0139,1.2888215768827063,100.18659459320384,-0.003977860682751768,0.022137737511291652
4.0142,1.2888327315899966,100.18684869320073,-0.003977993284249481,0.02213791143863442
4.0145,1.2888438802303974,100.18710265007468,-0.0039781258133449755,0.022138085270981277
4.014799999999999,1.2888550228064086,100.18735646389082,-0.003978258270068428,0.022138259008371852
4.0150999999999994,1.288866159320528,100.1876101347142,-0.003978390654449996,0.022138432650845755
4.0154,1.288877289775252,100.18786366260989,-0.003978522966519835,0.022138606198442587
4.0157,1.288888414173077,100.18811704764282,-0.003978655206308071,0.022138779651201927
4.016,1.2888995325164965,100.18837028987798,-0.00397878737384482,0.022138953009163315
4.016299999999999,1.288910644808003,100.18862338938028,-0.003978919469160174,0.022139126272366284
4.0165999999999995,1.2889217510500888,100.1888763462146,-0.0039790514922842185,0.022139299440850344
4.0169,1.2889328512452436,100.18912916044575,-0.00397918344324702,0.022139472514654982
4.0172,1.2889439453959568,100.18938183213854,-0.003979315322078625,0.022139645493819665
4.0175,1.2889550335047149,100.18963436135769,-0.0039794471288090655,0.022139818378383833
4.017799999999999,1.2889661155740049,100.18988674816796,-0.0039795788634683586,0.022139991168386906
4.0181,1.2889771916063115,100.19013899263403,-0.003979710526086505,0.022140163863868294
4.0184,1.2889882616041186,100.1903910948205,-0.003979842116693487,0.022140336464867377
4.0187,1.2889993255699081,100.19064305479199,-0.003979973635319277,0.022140508971423518
4.019,1.2890103835061608,100.19089487261306,-0.003980105081993821,0.02214068138357604
4.019299999999999,1.2890214354153566,100.1911465483482,-0.003980236456747056,0.022140853701364267
4.0196,1.2890324812999736,100.19139808206194,-0.003980367759608901,0.02214102592482749
4.0199,1.2890435211624893,100.19164947381866,-0.00398049899060926,0.022141198054004996
4.0202,1.2890545550053787,100.19190072368282,-0.003980630149778021,0.022141370088936026
4.020499999999999,1.2890655828311164,100.19215183171877,-0.0039807612371450555,0.022141542029659813
4.0207999999999995,1.2890766046421762,100.19240279799081,-0.003980892252740214,0.022141713876215576
4.0211,1.2890876204410289,100.19265362256324,-0.00398102319659334,0.022141885628642492
4.0214,1.2890986302301455,100.19290430550032,-0.003981154068734252,0.022142057286979742
4.0217,1.2891096340119945,100.19315484686622,-0.003981284869192759,0.02214222885126646
4.021999999999999,1.2891206317890438,100.19340524672516,-0.00398141559799865,0.022142400321541775
4.0222999999999995,1.2891316235637613,100.19365550514124,-0.003981546255181701,0.02214257169784481
4.0226,1.289142609338611,100.19390562217855,-0.003981676840771674,0.02214274298021462
4.0229,1.289153589116057,100.19415559790114,-0.003981807354798306,0.022142914168690294
4.0232,1.2891645628985609,100.19440543237306,-0.00398193779729132,0.02214308526331084
4.023499999999999,1.2891755306885861,100.19465512565823,-0.0039820681682804365,0.02214325626411532
4.0238,1.2891864924885919,100.19490467782063,-0.003982198467795345,0.02214342717114271
4.0241,1.289197448301036,100.19515408892416,-0.003982328695865723,0.022143597984431995
4.0244,1.289208398128377,100.19540335903264,-0.0039824588525212345,0.022143768704022123
4.024699999999999,1.2892193419730702,100.19565248820993,-0.003982588937791527,0.022143939329952043
4.0249999999999995,1.2892302798375712,100.19590147651981,-0.003982718951706232,0.022144109862260668
4.0253,1.2892412117243328,100.196150324026,-0.00398284889429496,0.02214428030098689
4.0256,1.2892521376358081,100.19639903079221,-0.003982978765587314,0.022144450646169586
4.0259,1.2892630575744475,100.19664759688213,-0.003983108565612878,0.02214462089784761
4.026199999999999,1.2892739715427006,100.19689602235937,-0.003983238294401214,0.022144791056059793
4.0264999999999995,1.289284879543016,100.19714430728754,-0.003983367951981881,0.022144961120844943
4.0268,1.2892957815778407,100.1973924517302,-0.003983497538384411,0.02214513109224186
4.0271,1.2893066776496205,100.19764045575083,-0.003983627053638323,0.022145300970289303
4.0274,1.2893175677608002,100.19788831941291,-0.003983756497773123,0.02214547075502603
4.027699999999999,1.2893284519138226,100.19813604277991,-0.0039838858708182955,0.022145640446490766
4.028,1.2893393301111296,100.19838362591521,-0.003984015172803318,0.022145810044722217
4.0283,1.2893502023551624,100.19863106888218,-0.003984144403757645,0.02214597954975907
4.0286,1.2893610686483596,100.19887837174414,-0.003984273563710715,0.022146148961639998
4.028899999999999,1.2893719289931604,100.19912553456437,-0.003984402652691957,0.02214631828040364
4.0291999999999994,1.2893827833920002,100.19937255740614,-0.003984531670730776,0.022146487506088615
4.0295,1.2893936318473158,100.19961944033263,-0.003984660617856572,0.022146656638733542
4.0298,1.289404474361541,100.19986618340704,-0.003984789494098719,0.022146825678377002
4.0301,1.2894153109371083,100.20011278669247,-0.003984918299486578,0.022146994625057544
4.030399999999999,1.2894261415764499,100.20035925025206,-0.0039850470340495004,0.022147163478813722
4.0306999999999995,1.2894369662819962,100.20060557414885,-0.003985175697816814,0.022147332239684053
4.031,1.2894477850561763,100.20085175844585,-0.003985304290817833,0.02214750090770704
4.0313,1.2894585979014184,100.20109780320604,-0.0039854328130818585,0.022147669482921167
4.0316,1.289469404820148,100.20134370849242,-0.003985561264638177,0.022147837965364882
4.031899999999999,1.2894802058147918,100.20158947436781,-0.003985689645516052,0.022148006355076643
4.0322,1.2894910008877731,100.20183510089515,-0.003985817955744741,0.022148174652094853
4.0325,1.2895017900415147,100.20208058813724,-0.0039859461953534805,0.022148342856457916
4.0328,1.289512573278439,100.2023259361569,-0.0039860743643714905,0.022148510968204218
4.033099999999999,1.289523350600965,100.20257114501685,-0.003986202462827977,0.022148678987372102
4.033399999999999,1.2895341220115122,100.20281621477983,-0.003986330490752133,0.02214884691399991
4.0337,1.2895448875124984,100.20306114550854,-0.003986458448173131,0.022149014748125966
4.034,1.28955564710634,100.2033059372656,-0.0039865863351201325,0.022149182489788557
4.0343,1.2895664007954524,100.20355059011364,-0.0039867141516222795,0.022149350139025966
4.034599999999999,1.2895771485822496,100.2037951041152,-0.003986841897708702,0.02214951769587644
4.0348999999999995,1.2895878904691438,100.20403947933282,-0.003986969573408513,0.02214968516037822
4.0352,1.2895986264585462,100.20428371582904,-0.0039870971787508095,0.022149852532569517
4.0355,1.2896093565528683,100.20452781366626,-0.003987224713764675,0.022150019812488538
4.0358,1.2896200807545173,100.20477177290692,-0.003987352178479174,0.022150187000173432
4.036099999999999,1.2896307990659028,100.20501559361341,-0.003987479572923358,0.02215035409566238
4.0363999999999995,1.2896415114894293,100.20525927584809,-0.003987606897126265,0.0221505210989935
4.0367,1.289652218027503,100.20550281967324,-0.003987734151116914,0.022150688010204908
4.037,1.289662918682527,100.20574622515115,-0.003987861334924309,0.022150854829334696
4.0373,1.289673613456905,100.20598949234406,-0.003987988448577442,0.022151021556420937
4.037599999999999,1.2896843023530373,100.20623262131414,-0.003988115492105284,0.022151188191501685
4.0379,1.2896949853733246,100.20647561212358,-0.003988242465536798,0.022151354734614975
4.0382,1.2897056625201655,100.2067184648345,-0.003988369368900922,0.022151521185798807
4.0385,1.2897163337959583,100.20696117950898,-0.00398849620222659,0.02215168754509119
4.038799999999999,1.2897269992030986,100.20720375620905,-0.0039886229655427125,0.022151853812530087
4.0390999999999995,1.289737658743982,100.20744619499678,-0.003988749658878182,0.022152019988153443
4.0394,1.289748312421002,100.2076884959341,-0.003988876282261892,0.022152186071999206
4.0397,1.2897589602365518,100.20793065908293,-0.003989002835722701,0.022152352064105277
4.04,1.2897696021930218,100.20817268450523,-0.00398912931928946,0.02215251796450954
4.040299999999999,1.2897802382928027,100.20841457226283,-0.00398925573299101,0.022152683773249877
4.0405999999999995,1.289790868538284,100.20865632241758,-0.003989382076856171,0.02215284949036414
4.0409,1.2898014929318526,100.20889793503125,-0.003989508350913749,0.02215301511589016
4.0412,1.2898121114758951,100.20913941016559,-0.0039896345551925306,0.02215318064986574
4.0415,1.2898227241727973,100.20938074788236,-0.003989760689721299,0.02215334609232868
4.041799999999999,1.2898333310249412,100.20962194824322,-0.003989886754528806,0.022153511443316735
4.0421,1.2898439320347128,100.20986301130979,-0.003990012749643804,0.02215367670286769
4.0424,1.2898545272044908,100.21010393714371,-0.0039901386750950205,0.022153841871019247
4.0427,1.2898651165366566,100.21034472580656,-0.0039902645309111695,0.022154006947809123
4.042999999999999,1.2898757000335883,100.21058537735985,-0.003990390317120948,0.02215417193327501
4.0432999999999995,1.2898862776976652,100.2108258918651,-0.003990516033753047,0.022154336827454584
4.0436,1.2898968495312628,100.21106626938375,-0.003990641680836129,0.022154501630385494
4.0439,1.289907415536757,100.21130650997725,-0.003990767258398857,0.02215466634210538
4.0442,1.2899179757165207,100.21154661370697,-0.003990892766469861,0.022154830962651834
4.044499999999999,1.2899285300729275,100.2117865806343,-0.003991018205077767,0.02215499549206246
4.0447999999999995,1.2899390786083498,100.21202641082051,-0.003991143574251191,0.02215515993037484
4.0451,1.2899496213251571,100.21226610432691,-0.00399126887401872,0.02215532427762651
4.0454,1.2899601582257183,100.21250566121476,-0.003991394104408934,0.022155488533855003
4.0457,1.2899706893124026,100.21274508154524,-0.0039915192654503984,0.022155652699097847
4.045999999999999,1.2899812145875749,100.21298436537953,-0.003991644357171662,0.022155816773392515
4.0463,1.2899917340536025,100.21322351277877,-0.003991769379601256,0.0221559807567765
4.0466,1.2900022477128488,100.21346252380407,-0.003991894332767703,0.022156144649287248
4.0469,1.2900127555676772,100.21370139851648,-0.003992019216699505,0.02215630845096219
4.047199999999999,1.2900232576204491,100.21394013697702,-0.003992144031425154,0.02215647216183874
4.047499999999999,1.2900337538735256,100.21417873924672,-0.003992268776973117,0.022156635781954297
4.0478,1.2900442443292663,100.2144172053865,-0.00399239345337186,0.022156799311346242
4.0481,1.2900547289900282,100.2146555354573,-0.003992518060649821,0.02215696275005191
4.0484,1.2900652078581694,100.21489372951999,-0.003992642598835433,0.022157126098108652
4.048699999999999,1.2900756809360454,100.21513178763543,-0.003992767067957112,0.022157289355553784
4.0489999999999995,1.29008614822601,100.21536970986443,-0.003992891468043252,0.022157452522424587
4.0493,1.2900966097304174,100.21560749626776,-0.003993015799122239,0.022157615598758357
4.0496,1.29010706545162,100.2158451469062,-0.003993140061222447,0.02215777858459235
4.0499,1.290117515391968,100.21608266184039,-0.003993264254372223,0.022157941479963784
4.050199999999999,1.2901279595538113,100.21632004113107,-0.003993388378599915,0.0221581042849099
4.0504999999999995,1.2901383979394987,100.21655728483881,-0.003993512433933844,0.022158266999467893
4.0508,1.2901488305513766,100.21679439302424,-0.003993636420402316,0.022158429623674928
4.0511,1.290159257391792,100.21703136574793,-0.003993760338033635,0.02215859215756818
4.051399999999999,1.2901696784630892,100.21726820307039,-0.003993884186856074,0.02215875460118477
4.051699999999999,1.2901800937676122,100.21750490505212,-0.003994007966897904,0.02215891695456184
4.052,1.2901905033077037,100.21774147175358,-0.003994131678187373,0.022159079217736487
4.0523,1.2902009070857037,100.21797790323518,-0.003994255320752715,0.022159241390745776
4.0526,1.2902113051039543,100.2182141995573,-0.0039943788946221566,0.022159403473626795
4.052899999999999,1.2902216973647926,100.21845036078031,-0.003994502399823903,0.022159565466416568
4.0531999999999995,1.290232083870557,100.2186863869645,-0.003994625836386142,0.022159727369152126
4.0535,1.2902424646235835,100.2189222781702,-0.003994749204337057,0.022159889181870465
4.0538,1.290252839626208,100.21915803445758,-0.003994872503704805,0.02216005090460859
4.0541,1.2902632088807646,100.21939365588689,-0.003994995734517542,0.022160212537403454
4.054399999999999,1.2902735723895848,100.2196291425183,-0.003995118896803389,0.022160374080291985
4.0546999999999995,1.2902839301550022,100.21986449441194,-0.003995241990590476,0.022160535533311147
4.055,1.2902942821793455,100.22009971162791,-0.003995365015906896,0.022160696896497818
4.0553,1.2903046284649455,100.22033479422628,-0.003995487972780749,0.022160858169888907
4.0556,1.2903149690141291,100.2205697422671,-0.003995610861240103,0.02216101935352126
4.055899999999999,1.290325303829224,100.22080455581033,-0.003995733681313019,0.022161180447431754
4.0562,1.2903356329125553,100.22103923491598,-0.0039958564330275425,0.022161341451657206
4.0565,1.2903459562664485,100.22127377964392,-0.003995979116411705,0.02216150236623443
4.0568,1.2903562738932255,100.2215081900541,-0.003996101731493521,0.022161663191200213
4.057099999999999,1.2903665857952091,100.22174246620631,-0.003996224278300991,0.02216182392659133
4.0573999999999995,1.290376891974721,100.22197660816043,-0.003996346756862107,0.022161984572444542
4.0577,1.2903871924340793,100.22221061597622,-0.0039964691672048375,0.022162145128796572
4.058,1.2903974871756045,100.22244448971342,-0.003996591509357142,0.02216230559568416
4.0583,1.2904077762016122,100.22267822943176,-0.00399671378334696,0.022162465973143964
4.058599999999999,1.2904180595144203,100.22291183519094,-0.003996835989202226,0.022162626261212702
4.0588999999999995,1.2904283371163425,100.22314530705059,-0.003996958126950853,0.02216278645992701
4.0592,1.2904386090096933,100.22337864507031,-0.003997080196620737,0.02216294656932353
4.0595,1.2904488751967853,100.22361184930969,-0.003997202198239765,0.022163106589438885
4.059799999999999,1.29045913567993,100.22384491982828,-0.003997324131835811,0.022163266520309685
4.060099999999999,1.2904693904614375,100.22407785668555,-0.003997445997436728,0.022163426361972494
4.0604,1.2904796395436167,100.22431065994104,-0.003997567795070359,0.022163586114463882
4.0607,1.2904898829287765,100.22454332965413,-0.0039976895247645335,0.022163745777820407
4.061,1.290500120619223,100.22477586588423,-0.00399781118654706,0.022163905352078583
4.061299999999999,1.2905103526172614,100.22500826869073,-0.00399793278044574,0.02216406483727491
4.061599999999999,1.2905205789251974,100.22524053813295,-0.00399805430648836,0.02216422423344589
4.0619,1.2905307995453328,100.22547267427021,-0.003998175764702686,0.022164383540627983
4.0622,1.2905410144799707,100.22570467716174,-0.003998297155116475,0.02216454275885764
4.0625,1.2905512237314123,100.2259365468668,-0.003998418477757472,0.022164701888171306
4.062799999999999,1.2905614273019559,100.22616828344458,-0.003998539732653395,0.022164860928605364
4.0630999999999995,1.290571625193902,100.22639988695424,-0.003998660919831964,0.022165019880196233
4.0634,1.2905818174095463,100.22663135745489,-0.003998782039320873,0.022165178742980275
4.0637,1.2905920039511858,100.22686269500566,-0.003998903091147813,0.02216533751699385
4.064,1.2906021848211158,100.22709389966559,-0.003999024075340444,0.0221654962022733
4.064299999999999,1.2906123600216293,100.22732497149369,-0.003999144991926428,0.02216565479885492
4.0645999999999995,1.2906225295550202,100.22755591054897,-0.003999265840933401,0.022165813306775032
4.0649,1.2906326934235792,100.22778671689036,-0.003999386622388993,0.022165971726069905
4.0652,1.2906428516295978,100.22801739057682,-0.003999507336320816,0.02216613005677582
4.0655,1.2906530041753643,100.22824793166721,-0.003999627982756469,0.022166288298928995
4.065799999999999,1.2906631510631674,100.2284783402204,-0.003999748561723536,0.022166446452565672
4.0661,1.2906732922952933,100.2287086162952,-0.003999869073249581,0.022166604517722042
4.0664,1.2906834278740282,100.22893875995038,-0.0039999895173621685,0.0221667624944343
4.0667,1.2906935578016572,100.22916877124472,-0.004000109894088834,0.022166920382738615
4.066999999999999,1.2907036820804636,100.22939865023692,-0.004000230203457108,0.02216707818267114
4.0672999999999995,1.2907138007127288,100.22962839698567,-0.0040003504454945,0.022167235894267986
4.0676,1.290723913700735,100.2298580115496,-0.004000470620228509,0.02216739351756529
4.0679,1.2907340210467624,100.23008749398734,-0.004000590727686626,0.022167551052599144
4.0682,1.2907441227530887,100.23031684435749,-0.004000710767896314,0.022167708499405605
4.068499999999999,1.290754218821993,100.23054606271856,-0.004000830740885031,0.022167865858020743
4.0687999999999995,1.2907643092557497,100.2307751491291,-0.004000950646680221,0.022168023128480575
4.0691,1.2907743940566372,100.23100410364755,-0.004001070485309314,0.02216818031082116
4.0694,1.2907844732269276,100.23123292633238,-0.004001190256799719,0.022168337405078464
4.069699999999999,1.2907945467688944,100.231461617242,-0.00400130996117884,0.022168494411288483
4.069999999999999,1.29080461468481,100.2316901764348,-0.004001429598474061,0.022168651329487178
4.0703,1.2908146769769457,100.23191860396909,-0.004001549168712756,0.022168808159710507
4.0706,1.290824733647569,100.23214689990321,-0.00400166867192228,0.02216896490199436
4.0709,1.2908347846989514,100.23237506429544,-0.004001788108129979,0.022169121556374693
4.071199999999999,1.290844830133358,100.23260309720399,-0.004001907477363183,0.022169278122887368
4.0714999999999995,1.2908548699530562,100.2328309986871,-0.004002026779649204,0.022169434601568262
4.0718,1.2908649041603109,100.23305876880293,-0.0040021460150153456,0.022169590992453223
4.0721,1.2908749327573854,100.23328640760965,-0.0040022651834889,0.022169747295578093
4.0724,1.2908849557465438,100.23351391516533,-0.004002384285097136,0.022169903510978688
4.072699999999999,1.2908949731300468,100.23374129152808,-0.004002503319867316,0.022170059638690807
4.0729999999999995,1.290904984910155,100.23396853675591,-0.004002622287826683,0.02217021567875022
4.0733,1.2909149910891282,100.23419565090684,-0.0040027411890024706,0.0221703716311927
4.0736,1.2909249916692247,100.23442263403888,-0.004002860023421899,0.022170527496053985
4.0739,1.2909349866527011,100.23464948620993,-0.004002978791112169,0.022170683273369796
4.074199999999999,1.290944976041814,100.23487620747791,-0.00400309749210047,0.02217083896317584
4.0745,1.290954959838818,100.23510279790068,-0.004003216126413981,0.022170994565507807
4.0748,1.2909649380459665,100.23532925753612,-0.004003334694079862,0.02217115008040137
4.0751,1.2909749106655135,100.235555586442,-0.004003453195125267,0.02217130550789219
4.075399999999999,1.290984877699708,100.23578178467613,-0.004003571629577322,0.022171460848015863
4.075699999999999,1.2909948391508033,100.23600785229621,-0.004003689997463155,0.022171616100808055
4.076,1.2910047950210466,100.23623378936,-0.00400380829880987,0.022171771266304326
4.0763,1.2910147453126868,100.23645959592514,-0.004003926533644561,0.022171926344540266
4.0766,1.2910246900279705,100.23668527204929,-0.0040040447019943064,0.02217208133555144
4.076899999999999,1.2910346291691432,100.23691081779005,-0.00400416280388617,0.022172236239373373
4.0771999999999995,1.2910445627384508,100.23713623320498,-0.004004280839347209,0.02217239105604162
4.0775,1.291054490738136,100.23736151835168,-0.004004398808404455,0.022172545785591653
4.0778,1.291064413170441,100.23758667328758,-0.004004516711084933,0.02217270042805898
4.0781,1.2910743300376084,100.23781169807023,-0.00400463454741566,0.022172854983479075
4.078399999999999,1.2910842413418775,100.23803659275703,-0.004004752317423624,0.02217300945188738
4.0786999999999995,1.2910941470854878,100.23826135740542,-0.004004870021135813,0.02217316383331933
4.079,1.2911040472706763,100.23848599207277,-0.004004987658579195,0.022173318127810333
4.0793,1.291113941899681,100.23871049681642,-0.004005105229780727,0.022173472335395805
4.079599999999999,1.2911238309747375,100.23893487169367,-0.004005222734767346,0.022173626456111106
4.079899999999999,1.2911337144980801,100.23915911676184,-0.004005340173565984,0.022173780489991614
4.0802,1.291143592471942,100.23938323207814,-0.004005457546203554,0.02217393443707266
4.0805,1.2911534648985568,100.2396072176998,-0.0040055748527069585,0.02217408829738958
4.0808,1.2911633317801552,100.23983107368402,-0.004005692093103083,0.022174242070977682
4.081099999999999,1.2911731931189667,100.2400548000879,-0.004005809267418798,0.022174395757872244
4.0813999999999995,1.291183048917221,100.24027839696862,-0.00400592637568097,0.022174549358108538
4.0817,1.2911928991771464,100.2405018643832,-0.004006043417916439,0.02217470287172184
4.082,1.2912027439009683,100.24072520238875,-0.004006160394152038,0.022174856298747353
4.0823,1.291212583090915,100.24094841104225,-0.00400627730441459,0.02217500963922033
4.082599999999999,1.2912224167492086,100.2411714904007,-0.0040063941487308964,0.02217516289317594
4.0828999999999995,1.291232244878074,100.24139444052106,-0.004006510927127752,0.022175316060649385
4.0832,1.2912420674797334,100.24161726146023,-0.004006627639631933,0.022175469141675827
4.0835,1.2912518845564078,100.24183995327515,-0.004006744286270205,0.022175622136290405
4.0838,1.2912616961103176,100.2420625160226,-0.004006860867069315,0.022175775044528254
4.084099999999999,1.2912715021436814,100.24228494975947,-0.004006977382056007,0.022175927866424475
4.0844,1.291281302658718,100.24250725454252,-0.004007093831256998,0.022176080602014172
4.0847,1.2912910976576437,100.24272943042851,-0.004007210214699005,0.022176233251332413
4.085,1.2913008871426754,100.24295147747418,-0.004007326532408724,0.022176385814414275
4.085299999999999,1.2913106711160265,100.24317339573622,-0.004007442784412832,0.022176538291294776
4.0855999999999995,1.2913204495799109,100.24339518527128,-0.004007558970738005,0.02217669068200894
4.0859,1.2913302225365413,100.243616846136,-0.004007675091410899,0.022176842986591783
4.0862,1.2913399899881295,100.24383837838701,-0.0040077911464581565,0.022176995205078286
4.0865,1.2913497519368844,100.24405978208083,-0.004007907135906404,0.02217714733750341
4.086799999999999,1.2913595083850178,100.244281057274,-0.004008023059782264,0.022177299383902133
4.0870999999999995,1.2913692593347352,100.24450220402304,-0.004008138918112332,0.022177451344309353
4.0874,1.2913790047882445,100.2447232223844,-0.0040082547109232015,0.02217760321876001
4.0877,1.291388744747752,100.24494411241453,-0.004008370438241448,0.02217775500728899
4.087999999999999,1.2913984792154618,100.24516487416984,-0.004008486100093632,0.02217790670993118
4.088299999999999,1.291408208193579,100.2453855077067,-0.004008601696506306,0.022178058326721452
4.0886,1.2914179316843049,100.24560601308144,-0.004008717227506005,0.02217820985769464
4.0889,1.291427649689842,100.24582639035039,-0.00400883269311925,0.02217836130288558
4.0892,1.2914373622123894,100.2460466395698,-0.0040089480933725484,0.022178512662329064
4.089499999999999,1.2914470692541484,100.24626676079595,-0.0040090634282924,0.02217866393605991
4.089799999999999,1.2914567708173155,100.24648675408503,-0.004009178697905283,0.022178815124112874
4.0901,1.2914664669040894,100.24670661949321,-0.004009293902237669,0.022178966226522732
4.0904,1.2914761575166651,100.24692635707667,-0.004009409041316013,0.022179117243324206
4.0907,1.2914858426572384,100.24714596689154,-0.004009524115166761,0.022179268174552035
4.090999999999999,1.2914955223280027,100.24736544899385,-0.0040096391238163345,0.022179419020240912
4.0912999999999995,1.2915051965311513,100.2475848034397,-0.004009754067291155,0.02217956978042553
4.0916,1.2915148652688755,100.2478040302851,-0.004009868945617624,0.02217972045514056
4.0919,1.291524528543367,100.24802312958603,-0.004009983758822132,0.022179871044420662
4.0922,1.2915341863568146,100.24824210139847,-0.0040100985069310546,0.022180021548300465
4.092499999999999,1.2915438387114062,100.24846094577835,-0.004010213189970749,0.02218017196681457
4.0927999999999995,1.2915534856093316,100.24867966278154,-0.004010327807967576,0.022180322299997626
4.0931,1.2915631270527745,100.24889825246393,-0.004010442360947861,0.022180472547884165
4.0934,1.291572763043922,100.24911671488135,-0.0040105568489379375,0.02218062271050878
4.093699999999999,1.2915823935849577,100.2493350500896,-0.004010671271964108,0.022180772787906016
4.093999999999999,1.291592018678065,100.24955325814445,-0.004010785630052672,0.022180922780110402
4.0943,1.2916016383254258,100.24977133910161,-0.004010899923229912,0.022181072687156456
4.0946,1.2916112525292214,100.24998929301685,-0.004011014151522101,0.022181222509078672
4.0949,1.2916208612916311,100.25020711994578,-0.004011128314955493,0.02218137224591153
4.095199999999999,1.2916304646148349,100.25042481994409,-0.0040112424135563375,0.0221815218976895
4.0954999999999995,1.2916400625010094,100.25064239306738,-0.00401135644735086,0.02218167146444701
4.0958,1.291649654952332,100.25085983937123,-0.004011470416365284,0.0221818209462185
4.0961,1.291659241970979,100.25107715891119,-0.004011584320625811,0.02218197034303839
4.0964,1.2916688235591234,100.25129435174279,-0.004011698160158633,0.022182119654941053
4.096699999999999,1.2916783997189405,100.25151141792149,-0.0040118119349899315,0.022182268881960884
4.0969999999999995,1.2916879704526014,100.25172835750277,-0.004011925645145867,0.022182418024132223
4.0973,1.2916975357622782,100.25194517054206,-0.004012039290652599,0.022182567081489427
4.0976,1.2917070956501409,100.25216185709473,-0.0040121528715362596,0.02218271605406682
4.097899999999999,1.2917166501183592,100.25237841721619,-0.004012266387822986,0.022182864941898705
4.098199999999999,1.2917261991691014,100.25259485096173,-0.004012379839538882,0.022183013745019374
4.0985,1.2917357428045342,100.25281115838665,-0.004012493226710051,0.022183162463463097
4.0988,1.2917452810268233,100.25302733954625,-0.00401260654936258,0.02218331109726413
4.0991,1.291754813838135,100.25324339449575,-0.004012719807522546,0.02218345964645672
4.099399999999999,1.2917643412406323,100.25345932329037,-0.00401283300121601,0.02218360811107509
4.0996999999999995,1.2917738632364786,100.25367512598527,-0.004012946130469019,0.022183756491153436
4.1,1.291783379827836,100.25389080263561,-0.004013059195307613,0.022183904786725956
